appointment_id,client_id,appointment_date,day_of_week,time_slot,service,booked_on,days_booked_ahead,outcome
A5001,C1198,2024-11-01,Friday,12:00 PM,Color,2024-10-29,3,no-show
A5002,C1132,2024-11-01,Friday,6:00 PM,Blowout,2024-10-25,7,showed
A5003,C1032,2024-11-01,Friday,10:30 AM,Haircut,2024-10-31,1,showed
A5004,C1007,2024-11-01,Friday,1:30 PM,Balayage,2024-10-18,14,showed
A5005,C1164,2024-11-01,Friday,12:00 PM,Balayage,2024-10-29,3,no-show
A5006,C1013,2024-11-01,Friday,1:30 PM,Blowout,2024-10-31,1,showed
A5007,C1140,2024-11-01,Friday,1:30 PM,Balayage,2024-10-25,7,no-show
A5008,C1147,2024-11-01,Friday,1:30 PM,Highlights,2024-10-29,3,showed
A5009,C1052,2024-11-01,Friday,12:00 PM,Balayage,2024-10-29,3,late-cancel
A5010,C1085,2024-11-01,Friday,1:30 PM,Color,2024-10-31,1,showed
A5011,C1121,2024-11-01,Friday,3:00 PM,Balayage,2024-10-30,2,showed
A5012,C1158,2024-11-02,Saturday,1:30 PM,Balayage,2024-10-31,2,showed
A5013,C1145,2024-11-02,Saturday,10:30 AM,Blowout,2024-10-26,7,showed
A5014,C1053,2024-11-02,Saturday,12:00 PM,Blowout,2024-11-01,1,late-cancel
A5015,C1095,2024-11-02,Saturday,10:30 AM,Blowout,2024-10-30,3,showed
A5016,C1053,2024-11-02,Saturday,10:30 AM,Haircut,2024-10-30,3,showed
A5017,C1135,2024-11-02,Saturday,3:00 PM,Blowout,2024-10-26,7,showed
A5018,C1090,2024-11-02,Saturday,1:30 PM,Balayage,2024-10-12,21,showed
A5019,C1193,2024-11-02,Saturday,12:00 PM,Color,2024-10-31,2,showed
A5020,C1019,2024-11-02,Saturday,12:00 PM,Blowout,2024-10-19,14,showed
A5021,C1155,2024-11-02,Saturday,6:00 PM,Blowout,2024-10-26,7,no-show
A5022,C1181,2024-11-02,Saturday,12:00 PM,Highlights,2024-10-12,21,showed
A5023,C1148,2024-11-02,Saturday,1:30 PM,Highlights,2024-10-19,14,no-show
A5024,C1195,2024-11-02,Saturday,4:30 PM,Blowout,2024-10-26,7,showed
A5025,C1152,2024-11-04,Monday,1:30 PM,Color,2024-11-01,3,showed
A5026,C1056,2024-11-04,Monday,4:30 PM,Blowout,2024-10-05,30,showed
A5027,C1150,2024-11-04,Monday,12:00 PM,Haircut,2024-10-21,14,showed
A5028,C1003,2024-11-04,Monday,6:00 PM,Blowout,2024-10-05,30,showed
A5029,C1045,2024-11-05,Tuesday,1:30 PM,Haircut,2024-11-04,1,showed
A5030,C1133,2024-11-05,Tuesday,12:00 PM,Balayage,2024-11-02,3,showed
A5031,C1150,2024-11-05,Tuesday,6:00 PM,Color,2024-11-04,1,no-show
A5032,C1003,2024-11-05,Tuesday,12:00 PM,Blowout,2024-11-04,1,showed
A5033,C1017,2024-11-05,Tuesday,3:00 PM,Color,2024-11-04,1,showed
A5034,C1037,2024-11-06,Wednesday,6:00 PM,Highlights,2024-10-23,14,showed
A5035,C1053,2024-11-06,Wednesday,1:30 PM,Highlights,2024-10-30,7,showed
A5036,C1136,2024-11-06,Wednesday,1:30 PM,Color,2024-10-30,7,no-show
A5037,C1087,2024-11-06,Wednesday,6:00 PM,Balayage,2024-10-30,7,showed
A5038,C1111,2024-11-06,Wednesday,9:00 AM,Blowout,2024-10-07,30,showed
A5039,C1067,2024-11-06,Wednesday,3:00 PM,Highlights,2024-10-30,7,showed
A5040,C1102,2024-11-06,Wednesday,9:00 AM,Haircut,2024-11-03,3,showed
A5041,C1095,2024-11-07,Thursday,10:30 AM,Highlights,2024-11-06,1,showed
A5042,C1105,2024-11-07,Thursday,4:30 PM,Color,2024-11-05,2,no-show
A5043,C1064,2024-11-07,Thursday,1:30 PM,Highlights,2024-11-05,2,showed
A5044,C1168,2024-11-07,Thursday,12:00 PM,Color,2024-11-06,1,showed
A5045,C1107,2024-11-07,Thursday,4:30 PM,Balayage,2024-10-31,7,showed
A5046,C1008,2024-11-07,Thursday,6:00 PM,Highlights,2024-11-06,1,showed
A5047,C1146,2024-11-07,Thursday,1:30 PM,Blowout,2024-10-24,14,showed
A5048,C1168,2024-11-07,Thursday,4:30 PM,Balayage,2024-11-06,1,showed
A5049,C1120,2024-11-08,Friday,9:00 AM,Highlights,2024-11-06,2,showed
A5050,C1040,2024-11-08,Friday,6:00 PM,Highlights,2024-11-06,2,showed
A5051,C1144,2024-11-08,Friday,12:00 PM,Balayage,2024-11-01,7,showed
A5052,C1193,2024-11-08,Friday,6:00 PM,Color,2024-11-05,3,showed
A5053,C1040,2024-11-08,Friday,10:30 AM,Haircut,2024-11-01,7,showed
A5054,C1103,2024-11-08,Friday,9:00 AM,Color,2024-11-01,7,late-cancel
A5055,C1006,2024-11-08,Friday,12:00 PM,Balayage,2024-11-06,2,showed
A5056,C1178,2024-11-08,Friday,1:30 PM,Balayage,2024-11-07,1,no-show
A5057,C1003,2024-11-08,Friday,1:30 PM,Color,2024-11-05,3,showed
A5058,C1089,2024-11-08,Friday,12:00 PM,Color,2024-10-25,14,showed
A5059,C1072,2024-11-08,Friday,10:30 AM,Haircut,2024-11-01,7,showed
A5060,C1060,2024-11-09,Saturday,3:00 PM,Highlights,2024-11-02,7,showed
A5061,C1008,2024-11-09,Saturday,4:30 PM,Color,2024-11-07,2,no-show
A5062,C1139,2024-11-09,Saturday,9:00 AM,Blowout,2024-11-07,2,showed
A5063,C1198,2024-11-09,Saturday,1:30 PM,Color,2024-11-08,1,showed
A5064,C1034,2024-11-09,Saturday,12:00 PM,Haircut,2024-11-07,2,showed
A5065,C1106,2024-11-09,Saturday,12:00 PM,Blowout,2024-10-19,21,showed
A5066,C1027,2024-11-09,Saturday,1:30 PM,Balayage,2024-10-26,14,showed
A5067,C1028,2024-11-09,Saturday,6:00 PM,Blowout,2024-11-02,7,showed
A5068,C1068,2024-11-09,Saturday,12:00 PM,Blowout,2024-11-08,1,showed
A5069,C1113,2024-11-09,Saturday,4:30 PM,Balayage,2024-11-07,2,showed
A5070,C1017,2024-11-09,Saturday,12:00 PM,Blowout,2024-11-07,2,no-show
A5071,C1150,2024-11-09,Saturday,12:00 PM,Balayage,2024-10-26,14,showed
A5072,C1183,2024-11-09,Saturday,3:00 PM,Color,2024-11-07,2,showed
A5073,C1161,2024-11-11,Monday,3:00 PM,Haircut,2024-11-09,2,showed
A5074,C1022,2024-11-11,Monday,9:00 AM,Haircut,2024-11-10,1,showed
A5075,C1011,2024-11-11,Monday,12:00 PM,Blowout,2024-11-09,2,showed
A5076,C1158,2024-11-11,Monday,9:00 AM,Balayage,2024-11-10,1,showed
A5077,C1125,2024-11-12,Tuesday,9:00 AM,Color,2024-11-10,2,showed
A5078,C1151,2024-11-12,Tuesday,3:00 PM,Highlights,2024-10-13,30,showed
A5079,C1082,2024-11-12,Tuesday,6:00 PM,Haircut,2024-11-05,7,showed
A5080,C1037,2024-11-12,Tuesday,1:30 PM,Highlights,2024-10-22,21,showed
A5081,C1047,2024-11-12,Tuesday,12:00 PM,Highlights,2024-11-10,2,showed
A5082,C1046,2024-11-13,Wednesday,12:00 PM,Highlights,2024-11-10,3,showed
A5083,C1050,2024-11-13,Wednesday,4:30 PM,Haircut,2024-10-23,21,showed
A5084,C1052,2024-11-13,Wednesday,12:00 PM,Highlights,2024-10-14,30,showed
A5085,C1005,2024-11-13,Wednesday,6:00 PM,Blowout,2024-11-10,3,showed
A5086,C1085,2024-11-13,Wednesday,1:30 PM,Haircut,2024-11-12,1,late-cancel
A5087,C1096,2024-11-13,Wednesday,1:30 PM,Blowout,2024-11-06,7,showed
A5088,C1197,2024-11-13,Wednesday,10:30 AM,Balayage,2024-10-30,14,showed
A5089,C1047,2024-11-14,Thursday,4:30 PM,Color,2024-11-11,3,showed
A5090,C1190,2024-11-14,Thursday,10:30 AM,Highlights,2024-11-11,3,showed
A5091,C1122,2024-11-14,Thursday,10:30 AM,Color,2024-11-11,3,showed
A5092,C1005,2024-11-14,Thursday,1:30 PM,Highlights,2024-11-11,3,showed
A5093,C1155,2024-11-14,Thursday,4:30 PM,Highlights,2024-11-13,1,no-show
A5094,C1041,2024-11-14,Thursday,12:00 PM,Haircut,2024-11-12,2,showed
A5095,C1197,2024-11-14,Thursday,9:00 AM,Color,2024-11-11,3,showed
A5096,C1171,2024-11-14,Thursday,1:30 PM,Color,2024-11-07,7,showed
A5097,C1185,2024-11-15,Friday,4:30 PM,Balayage,2024-11-01,14,showed
A5098,C1076,2024-11-15,Friday,10:30 AM,Haircut,2024-11-08,7,showed
A5099,C1170,2024-11-15,Friday,3:00 PM,Haircut,2024-11-13,2,showed
A5100,C1025,2024-11-15,Friday,4:30 PM,Haircut,2024-11-13,2,showed
A5101,C1011,2024-11-15,Friday,3:00 PM,Blowout,2024-11-14,1,showed
A5102,C1041,2024-11-15,Friday,4:30 PM,Haircut,2024-11-14,1,showed
A5103,C1045,2024-11-15,Friday,12:00 PM,Highlights,2024-11-01,14,showed
A5104,C1029,2024-11-15,Friday,3:00 PM,Color,2024-11-08,7,showed
A5105,C1138,2024-11-15,Friday,1:30 PM,Highlights,2024-11-12,3,showed
A5106,C1150,2024-11-15,Friday,12:00 PM,Highlights,2024-11-14,1,showed
A5107,C1080,2024-11-15,Friday,6:00 PM,Color,2024-10-16,30,showed
A5108,C1011,2024-11-16,Saturday,10:30 AM,Blowout,2024-11-02,14,showed
A5109,C1128,2024-11-16,Saturday,3:00 PM,Balayage,2024-11-13,3,showed
A5110,C1084,2024-11-16,Saturday,1:30 PM,Balayage,2024-11-02,14,showed
A5111,C1192,2024-11-16,Saturday,4:30 PM,Haircut,2024-11-13,3,showed
A5112,C1056,2024-11-16,Saturday,10:30 AM,Haircut,2024-11-14,2,showed
A5113,C1112,2024-11-16,Saturday,10:30 AM,Haircut,2024-11-02,14,late-cancel
A5114,C1177,2024-11-16,Saturday,12:00 PM,Color,2024-11-15,1,showed
A5115,C1029,2024-11-16,Saturday,1:30 PM,Blowout,2024-11-14,2,showed
A5116,C1180,2024-11-16,Saturday,9:00 AM,Balayage,2024-11-02,14,showed
A5117,C1195,2024-11-16,Saturday,3:00 PM,Blowout,2024-11-13,3,showed
A5118,C1177,2024-11-16,Saturday,4:30 PM,Color,2024-11-09,7,showed
A5119,C1189,2024-11-16,Saturday,9:00 AM,Color,2024-11-09,7,showed
A5120,C1006,2024-11-16,Saturday,4:30 PM,Color,2024-11-09,7,showed
A5121,C1090,2024-11-18,Monday,4:30 PM,Color,2024-10-28,21,showed
A5122,C1102,2024-11-18,Monday,9:00 AM,Haircut,2024-11-16,2,showed
A5123,C1046,2024-11-18,Monday,3:00 PM,Color,2024-11-16,2,late-cancel
A5124,C1091,2024-11-18,Monday,10:30 AM,Balayage,2024-11-11,7,showed
A5125,C1169,2024-11-19,Tuesday,6:00 PM,Blowout,2024-11-05,14,showed
A5126,C1137,2024-11-19,Tuesday,10:30 AM,Balayage,2024-11-12,7,showed
A5127,C1059,2024-11-19,Tuesday,3:00 PM,Color,2024-11-17,2,showed
A5128,C1099,2024-11-19,Tuesday,10:30 AM,Color,2024-11-12,7,showed
A5129,C1192,2024-11-19,Tuesday,12:00 PM,Haircut,2024-11-18,1,showed
A5130,C1193,2024-11-20,Wednesday,1:30 PM,Color,2024-11-06,14,showed
A5131,C1112,2024-11-20,Wednesday,6:00 PM,Haircut,2024-11-13,7,no-show
A5132,C1020,2024-11-20,Wednesday,4:30 PM,Blowout,2024-11-18,2,showed
A5133,C1058,2024-11-20,Wednesday,10:30 AM,Haircut,2024-11-13,7,showed
A5134,C1188,2024-11-20,Wednesday,12:00 PM,Color,2024-10-21,30,showed
A5135,C1017,2024-11-20,Wednesday,12:00 PM,Haircut,2024-11-13,7,showed
A5136,C1127,2024-11-20,Wednesday,4:30 PM,Haircut,2024-11-17,3,showed
A5137,C1095,2024-11-21,Thursday,10:30 AM,Haircut,2024-11-07,14,showed
A5138,C1134,2024-11-21,Thursday,4:30 PM,Highlights,2024-11-20,1,showed
A5139,C1033,2024-11-21,Thursday,1:30 PM,Balayage,2024-11-18,3,showed
A5140,C1178,2024-11-21,Thursday,3:00 PM,Balayage,2024-11-20,1,no-show
A5141,C1137,2024-11-21,Thursday,3:00 PM,Highlights,2024-11-14,7,no-show
A5142,C1128,2024-11-21,Thursday,4:30 PM,Haircut,2024-11-19,2,showed
A5143,C1039,2024-11-21,Thursday,1:30 PM,Highlights,2024-11-14,7,showed
A5144,C1137,2024-11-21,Thursday,10:30 AM,Blowout,2024-11-18,3,showed
A5145,C1025,2024-11-22,Friday,1:30 PM,Color,2024-11-21,1,showed
A5146,C1145,2024-11-22,Friday,10:30 AM,Highlights,2024-11-08,14,showed
A5147,C1172,2024-11-22,Friday,4:30 PM,Haircut,2024-11-19,3,showed
A5148,C1035,2024-11-22,Friday,3:00 PM,Haircut,2024-11-15,7,showed
A5149,C1037,2024-11-22,Friday,1:30 PM,Balayage,2024-11-08,14,showed
A5150,C1017,2024-11-22,Friday,3:00 PM,Blowout,2024-11-08,14,late-cancel
A5151,C1001,2024-11-22,Friday,3:00 PM,Balayage,2024-11-15,7,showed
A5152,C1066,2024-11-22,Friday,4:30 PM,Blowout,2024-11-15,7,showed
A5153,C1071,2024-11-22,Friday,3:00 PM,Color,2024-11-21,1,showed
A5154,C1078,2024-11-22,Friday,1:30 PM,Color,2024-11-21,1,showed
A5155,C1162,2024-11-22,Friday,1:30 PM,Blowout,2024-11-19,3,showed
A5156,C1098,2024-11-23,Saturday,3:00 PM,Blowout,2024-11-21,2,no-show
A5157,C1075,2024-11-23,Saturday,6:00 PM,Blowout,2024-11-20,3,showed
A5158,C1101,2024-11-23,Saturday,12:00 PM,Color,2024-11-09,14,showed
A5159,C1009,2024-11-23,Saturday,10:30 AM,Balayage,2024-11-21,2,no-show
A5160,C1103,2024-11-23,Saturday,3:00 PM,Haircut,2024-11-21,2,no-show
A5161,C1140,2024-11-23,Saturday,3:00 PM,Highlights,2024-11-21,2,showed
A5162,C1057,2024-11-23,Saturday,3:00 PM,Blowout,2024-11-22,1,showed
A5163,C1011,2024-11-23,Saturday,12:00 PM,Blowout,2024-11-20,3,showed
A5164,C1189,2024-11-23,Saturday,6:00 PM,Haircut,2024-11-20,3,showed
A5165,C1061,2024-11-23,Saturday,1:30 PM,Highlights,2024-11-22,1,showed
A5166,C1055,2024-11-23,Saturday,12:00 PM,Balayage,2024-11-22,1,showed
A5167,C1152,2024-11-23,Saturday,6:00 PM,Blowout,2024-11-09,14,showed
A5168,C1092,2024-11-23,Saturday,9:00 AM,Blowout,2024-11-20,3,showed
A5169,C1113,2024-11-25,Monday,4:30 PM,Highlights,2024-10-26,30,showed
A5170,C1129,2024-11-25,Monday,4:30 PM,Haircut,2024-11-11,14,showed
A5171,C1042,2024-11-25,Monday,4:30 PM,Haircut,2024-11-22,3,no-show
A5172,C1162,2024-11-25,Monday,1:30 PM,Highlights,2024-11-11,14,showed
A5173,C1060,2024-11-26,Tuesday,12:00 PM,Highlights,2024-11-24,2,showed
A5174,C1154,2024-11-26,Tuesday,9:00 AM,Balayage,2024-11-19,7,showed
A5175,C1109,2024-11-26,Tuesday,1:30 PM,Highlights,2024-11-19,7,showed
A5176,C1097,2024-11-26,Tuesday,6:00 PM,Color,2024-11-25,1,showed
A5177,C1157,2024-11-26,Tuesday,6:00 PM,Balayage,2024-11-19,7,showed
A5178,C1197,2024-11-27,Wednesday,6:00 PM,Color,2024-11-25,2,late-cancel
A5179,C1061,2024-11-27,Wednesday,4:30 PM,Highlights,2024-11-25,2,late-cancel
A5180,C1128,2024-11-27,Wednesday,1:30 PM,Highlights,2024-11-24,3,showed
A5181,C1084,2024-11-27,Wednesday,10:30 AM,Blowout,2024-11-24,3,showed
A5182,C1060,2024-11-27,Wednesday,12:00 PM,Haircut,2024-11-20,7,showed
A5183,C1036,2024-11-27,Wednesday,4:30 PM,Highlights,2024-11-25,2,showed
A5184,C1153,2024-11-27,Wednesday,4:30 PM,Color,2024-11-26,1,showed
A5185,C1024,2024-11-28,Thursday,9:00 AM,Balayage,2024-11-07,21,no-show
A5186,C1200,2024-11-28,Thursday,4:30 PM,Balayage,2024-11-21,7,showed
A5187,C1070,2024-11-28,Thursday,3:00 PM,Color,2024-11-21,7,showed
A5188,C1183,2024-11-28,Thursday,3:00 PM,Highlights,2024-11-21,7,showed
A5189,C1079,2024-11-28,Thursday,6:00 PM,Highlights,2024-11-26,2,showed
A5190,C1026,2024-11-28,Thursday,3:00 PM,Highlights,2024-11-25,3,showed
A5191,C1115,2024-11-28,Thursday,12:00 PM,Haircut,2024-11-27,1,showed
A5192,C1093,2024-11-28,Thursday,9:00 AM,Highlights,2024-11-25,3,showed
A5193,C1121,2024-11-29,Friday,12:00 PM,Color,2024-11-27,2,showed
A5194,C1113,2024-11-29,Friday,4:30 PM,Highlights,2024-11-15,14,showed
A5195,C1119,2024-11-29,Friday,3:00 PM,Highlights,2024-11-28,1,showed
A5196,C1118,2024-11-29,Friday,12:00 PM,Blowout,2024-11-27,2,showed
A5197,C1126,2024-11-29,Friday,9:00 AM,Color,2024-11-22,7,showed
A5198,C1108,2024-11-29,Friday,6:00 PM,Haircut,2024-11-28,1,showed
A5199,C1165,2024-11-29,Friday,3:00 PM,Color,2024-11-22,7,late-cancel
A5200,C1122,2024-11-29,Friday,10:30 AM,Blowout,2024-11-22,7,no-show
A5201,C1045,2024-11-29,Friday,1:30 PM,Color,2024-11-26,3,no-show
A5202,C1143,2024-11-29,Friday,12:00 PM,Haircut,2024-11-26,3,showed
A5203,C1178,2024-11-29,Friday,12:00 PM,Color,2024-11-26,3,showed
A5204,C1124,2024-11-30,Saturday,6:00 PM,Blowout,2024-11-16,14,showed
A5205,C1028,2024-11-30,Saturday,4:30 PM,Balayage,2024-11-27,3,showed
A5206,C1098,2024-11-30,Saturday,4:30 PM,Balayage,2024-11-27,3,showed
A5207,C1042,2024-11-30,Saturday,1:30 PM,Blowout,2024-11-23,7,showed
A5208,C1058,2024-11-30,Saturday,1:30 PM,Color,2024-11-28,2,showed
A5209,C1097,2024-11-30,Saturday,1:30 PM,Highlights,2024-11-23,7,showed
A5210,C1157,2024-11-30,Saturday,3:00 PM,Haircut,2024-11-23,7,showed
A5211,C1137,2024-11-30,Saturday,12:00 PM,Balayage,2024-11-23,7,no-show
A5212,C1005,2024-11-30,Saturday,10:30 AM,Highlights,2024-11-23,7,showed
A5213,C1139,2024-11-30,Saturday,4:30 PM,Blowout,2024-11-23,7,showed
A5214,C1167,2024-11-30,Saturday,12:00 PM,Blowout,2024-11-28,2,showed
A5215,C1193,2024-11-30,Saturday,6:00 PM,Blowout,2024-11-09,21,showed
A5216,C1113,2024-11-30,Saturday,12:00 PM,Balayage,2024-11-28,2,showed
A5217,C1090,2024-12-02,Monday,10:30 AM,Blowout,2024-11-18,14,showed
A5218,C1014,2024-12-02,Monday,9:00 AM,Balayage,2024-11-30,2,showed
A5219,C1138,2024-12-02,Monday,4:30 PM,Haircut,2024-11-25,7,showed
A5220,C1139,2024-12-02,Monday,3:00 PM,Balayage,2024-11-30,2,showed
A5221,C1085,2024-12-03,Tuesday,3:00 PM,Highlights,2024-11-19,14,showed
A5222,C1085,2024-12-03,Tuesday,6:00 PM,Highlights,2024-11-19,14,showed
A5223,C1128,2024-12-03,Tuesday,10:30 AM,Blowout,2024-11-19,14,showed
A5224,C1027,2024-12-03,Tuesday,4:30 PM,Color,2024-12-02,1,showed
A5225,C1129,2024-12-03,Tuesday,1:30 PM,Blowout,2024-11-30,3,showed
A5226,C1063,2024-12-04,Wednesday,1:30 PM,Blowout,2024-11-27,7,showed
A5227,C1087,2024-12-04,Wednesday,6:00 PM,Haircut,2024-11-27,7,showed
A5228,C1185,2024-12-04,Wednesday,6:00 PM,Color,2024-11-27,7,showed
A5229,C1148,2024-12-04,Wednesday,12:00 PM,Color,2024-12-03,1,no-show
A5230,C1109,2024-12-04,Wednesday,3:00 PM,Color,2024-11-13,21,showed
A5231,C1023,2024-12-04,Wednesday,4:30 PM,Highlights,2024-11-27,7,showed
A5232,C1006,2024-12-04,Wednesday,1:30 PM,Haircut,2024-11-20,14,showed
A5233,C1050,2024-12-05,Thursday,1:30 PM,Haircut,2024-12-04,1,showed
A5234,C1148,2024-12-05,Thursday,3:00 PM,Haircut,2024-12-03,2,no-show
A5235,C1137,2024-12-05,Thursday,3:00 PM,Balayage,2024-12-04,1,no-show
A5236,C1166,2024-12-05,Thursday,12:00 PM,Haircut,2024-11-21,14,showed
A5237,C1147,2024-12-05,Thursday,3:00 PM,Highlights,2024-12-04,1,showed
A5238,C1129,2024-12-05,Thursday,9:00 AM,Highlights,2024-11-28,7,showed
A5239,C1077,2024-12-05,Thursday,1:30 PM,Color,2024-12-03,2,showed
A5240,C1179,2024-12-05,Thursday,3:00 PM,Balayage,2024-11-21,14,no-show
A5241,C1194,2024-12-06,Friday,1:30 PM,Haircut,2024-12-03,3,showed
A5242,C1185,2024-12-06,Friday,3:00 PM,Color,2024-11-29,7,showed
A5243,C1159,2024-12-06,Friday,9:00 AM,Highlights,2024-12-05,1,showed
A5244,C1193,2024-12-06,Friday,1:30 PM,Haircut,2024-11-22,14,showed
A5245,C1116,2024-12-06,Friday,9:00 AM,Highlights,2024-11-29,7,showed
A5246,C1062,2024-12-06,Friday,3:00 PM,Color,2024-11-29,7,showed
A5247,C1030,2024-12-06,Friday,12:00 PM,Color,2024-12-05,1,no-show
A5248,C1174,2024-12-06,Friday,4:30 PM,Color,2024-11-29,7,showed
A5249,C1121,2024-12-06,Friday,1:30 PM,Haircut,2024-12-03,3,showed
A5250,C1108,2024-12-06,Friday,4:30 PM,Balayage,2024-11-06,30,showed
A5251,C1064,2024-12-06,Friday,3:00 PM,Haircut,2024-12-04,2,showed
A5252,C1018,2024-12-07,Saturday,4:30 PM,Balayage,2024-11-23,14,showed
A5253,C1160,2024-12-07,Saturday,1:30 PM,Highlights,2024-11-07,30,showed
A5254,C1138,2024-12-07,Saturday,4:30 PM,Highlights,2024-11-23,14,showed
A5255,C1096,2024-12-07,Saturday,9:00 AM,Color,2024-11-16,21,showed
A5256,C1035,2024-12-07,Saturday,10:30 AM,Haircut,2024-12-04,3,showed
A5257,C1054,2024-12-07,Saturday,6:00 PM,Blowout,2024-12-04,3,showed
A5258,C1067,2024-12-07,Saturday,1:30 PM,Haircut,2024-11-30,7,showed
A5259,C1152,2024-12-07,Saturday,10:30 AM,Haircut,2024-12-04,3,showed
A5260,C1012,2024-12-07,Saturday,1:30 PM,Highlights,2024-12-04,3,showed
A5261,C1169,2024-12-07,Saturday,4:30 PM,Haircut,2024-11-23,14,showed
A5262,C1138,2024-12-07,Saturday,12:00 PM,Blowout,2024-11-23,14,showed
A5263,C1082,2024-12-07,Saturday,12:00 PM,Haircut,2024-11-23,14,showed
A5264,C1197,2024-12-07,Saturday,4:30 PM,Balayage,2024-12-04,3,showed
A5265,C1117,2024-12-09,Monday,10:30 AM,Haircut,2024-12-07,2,showed
A5266,C1142,2024-12-09,Monday,9:00 AM,Haircut,2024-11-18,21,showed
A5267,C1070,2024-12-09,Monday,6:00 PM,Haircut,2024-11-25,14,showed
A5268,C1152,2024-12-09,Monday,3:00 PM,Haircut,2024-12-02,7,showed
A5269,C1121,2024-12-10,Tuesday,4:30 PM,Highlights,2024-12-07,3,showed
A5270,C1060,2024-12-10,Tuesday,12:00 PM,Balayage,2024-12-08,2,showed
A5271,C1025,2024-12-10,Tuesday,9:00 AM,Blowout,2024-12-08,2,no-show
A5272,C1029,2024-12-10,Tuesday,12:00 PM,Color,2024-11-19,21,showed
A5273,C1108,2024-12-10,Tuesday,10:30 AM,Blowout,2024-11-19,21,no-show
A5274,C1035,2024-12-11,Wednesday,6:00 PM,Color,2024-12-08,3,showed
A5275,C1018,2024-12-11,Wednesday,10:30 AM,Color,2024-12-04,7,showed
A5276,C1186,2024-12-11,Wednesday,1:30 PM,Balayage,2024-12-04,7,no-show
A5277,C1069,2024-12-11,Wednesday,9:00 AM,Haircut,2024-11-27,14,showed
A5278,C1177,2024-12-11,Wednesday,4:30 PM,Highlights,2024-12-04,7,showed
A5279,C1070,2024-12-11,Wednesday,6:00 PM,Color,2024-12-08,3,showed
A5280,C1016,2024-12-11,Wednesday,4:30 PM,Blowout,2024-12-04,7,showed
A5281,C1037,2024-12-12,Thursday,12:00 PM,Blowout,2024-12-11,1,late-cancel
A5282,C1187,2024-12-12,Thursday,1:30 PM,Color,2024-12-05,7,showed
A5283,C1148,2024-12-12,Thursday,10:30 AM,Color,2024-12-09,3,showed
A5284,C1077,2024-12-12,Thursday,10:30 AM,Highlights,2024-11-28,14,no-show
A5285,C1178,2024-12-12,Thursday,10:30 AM,Color,2024-12-05,7,showed
A5286,C1160,2024-12-12,Thursday,10:30 AM,Highlights,2024-12-11,1,no-show
A5287,C1111,2024-12-12,Thursday,1:30 PM,Color,2024-12-11,1,no-show
A5288,C1004,2024-12-12,Thursday,1:30 PM,Balayage,2024-12-11,1,showed
A5289,C1039,2024-12-13,Friday,9:00 AM,Blowout,2024-11-29,14,showed
A5290,C1101,2024-12-13,Friday,1:30 PM,Color,2024-11-29,14,showed
A5291,C1105,2024-12-13,Friday,3:00 PM,Haircut,2024-11-22,21,no-show
A5292,C1120,2024-12-13,Friday,12:00 PM,Haircut,2024-12-10,3,no-show
A5293,C1127,2024-12-13,Friday,12:00 PM,Blowout,2024-12-11,2,late-cancel
A5294,C1119,2024-12-13,Friday,1:30 PM,Haircut,2024-12-11,2,showed
A5295,C1168,2024-12-13,Friday,10:30 AM,Haircut,2024-12-10,3,showed
A5296,C1098,2024-12-13,Friday,4:30 PM,Blowout,2024-12-06,7,showed
A5297,C1100,2024-12-13,Friday,10:30 AM,Haircut,2024-12-10,3,no-show
A5298,C1065,2024-12-13,Friday,4:30 PM,Highlights,2024-12-10,3,showed
A5299,C1127,2024-12-13,Friday,10:30 AM,Blowout,2024-12-12,1,showed
A5300,C1122,2024-12-14,Saturday,1:30 PM,Highlights,2024-11-30,14,no-show
A5301,C1105,2024-12-14,Saturday,10:30 AM,Color,2024-12-13,1,showed
A5302,C1034,2024-12-14,Saturday,10:30 AM,Haircut,2024-12-12,2,late-cancel
A5303,C1088,2024-12-14,Saturday,3:00 PM,Highlights,2024-12-12,2,showed
A5304,C1188,2024-12-14,Saturday,4:30 PM,Haircut,2024-11-23,21,showed
A5305,C1115,2024-12-14,Saturday,1:30 PM,Color,2024-11-30,14,late-cancel
A5306,C1173,2024-12-14,Saturday,4:30 PM,Highlights,2024-12-12,2,showed
A5307,C1034,2024-12-14,Saturday,9:00 AM,Balayage,2024-12-11,3,showed
A5308,C1143,2024-12-14,Saturday,4:30 PM,Color,2024-12-13,1,showed
A5309,C1178,2024-12-14,Saturday,3:00 PM,Highlights,2024-12-11,3,no-show
A5310,C1010,2024-12-14,Saturday,9:00 AM,Blowout,2024-12-13,1,showed
A5311,C1138,2024-12-14,Saturday,6:00 PM,Haircut,2024-12-07,7,showed
A5312,C1104,2024-12-14,Saturday,4:30 PM,Highlights,2024-11-14,30,showed
A5313,C1106,2024-12-16,Monday,3:00 PM,Balayage,2024-12-14,2,showed
A5314,C1132,2024-12-16,Monday,10:30 AM,Color,2024-12-09,7,showed
A5315,C1003,2024-12-16,Monday,12:00 PM,Highlights,2024-12-09,7,late-cancel
A5316,C1192,2024-12-16,Monday,6:00 PM,Blowout,2024-12-14,2,showed
A5317,C1029,2024-12-17,Tuesday,1:30 PM,Highlights,2024-12-10,7,showed
A5318,C1022,2024-12-17,Tuesday,9:00 AM,Haircut,2024-12-14,3,showed
A5319,C1196,2024-12-17,Tuesday,6:00 PM,Color,2024-12-10,7,showed
A5320,C1161,2024-12-17,Tuesday,10:30 AM,Highlights,2024-12-16,1,showed
A5321,C1069,2024-12-17,Tuesday,12:00 PM,Balayage,2024-12-10,7,late-cancel
A5322,C1041,2024-12-18,Wednesday,3:00 PM,Blowout,2024-12-17,1,showed
A5323,C1048,2024-12-18,Wednesday,6:00 PM,Haircut,2024-12-17,1,showed
A5324,C1052,2024-12-18,Wednesday,1:30 PM,Color,2024-12-11,7,showed
A5325,C1085,2024-12-18,Wednesday,10:30 AM,Color,2024-12-17,1,no-show
A5326,C1006,2024-12-18,Wednesday,3:00 PM,Balayage,2024-12-17,1,showed
A5327,C1183,2024-12-18,Wednesday,1:30 PM,Color,2024-11-18,30,showed
A5328,C1001,2024-12-18,Wednesday,3:00 PM,Blowout,2024-12-11,7,showed
A5329,C1031,2024-12-19,Thursday,9:00 AM,Haircut,2024-12-16,3,showed
A5330,C1024,2024-12-19,Thursday,6:00 PM,Color,2024-12-16,3,showed
A5331,C1127,2024-12-19,Thursday,1:30 PM,Blowout,2024-12-17,2,showed
A5332,C1148,2024-12-19,Thursday,4:30 PM,Blowout,2024-12-12,7,no-show
A5333,C1003,2024-12-19,Thursday,4:30 PM,Highlights,2024-12-12,7,showed
A5334,C1022,2024-12-19,Thursday,6:00 PM,Blowout,2024-11-28,21,showed
A5335,C1100,2024-12-19,Thursday,9:00 AM,Haircut,2024-12-17,2,showed
A5336,C1151,2024-12-19,Thursday,4:30 PM,Color,2024-12-12,7,showed
A5337,C1025,2024-12-20,Friday,10:30 AM,Balayage,2024-12-13,7,showed
A5338,C1022,2024-12-20,Friday,4:30 PM,Blowout,2024-12-17,3,showed
A5339,C1067,2024-12-20,Friday,10:30 AM,Blowout,2024-12-17,3,showed
A5340,C1005,2024-12-20,Friday,12:00 PM,Haircut,2024-12-18,2,showed
A5341,C1196,2024-12-20,Friday,1:30 PM,Balayage,2024-12-18,2,no-show
A5342,C1083,2024-12-20,Friday,3:00 PM,Blowout,2024-12-17,3,showed
A5343,C1181,2024-12-20,Friday,1:30 PM,Balayage,2024-12-18,2,showed
A5344,C1025,2024-12-20,Friday,10:30 AM,Highlights,2024-12-19,1,showed
A5345,C1036,2024-12-20,Friday,3:00 PM,Haircut,2024-12-13,7,showed
A5346,C1036,2024-12-20,Friday,3:00 PM,Balayage,2024-12-13,7,showed
A5347,C1001,2024-12-20,Friday,1:30 PM,Color,2024-12-19,1,no-show
A5348,C1089,2024-12-21,Saturday,9:00 AM,Balayage,2024-12-14,7,showed
A5349,C1035,2024-12-21,Saturday,6:00 PM,Highlights,2024-12-18,3,showed
A5350,C1080,2024-12-21,Saturday,10:30 AM,Highlights,2024-12-19,2,late-cancel
A5351,C1076,2024-12-21,Saturday,3:00 PM,Haircut,2024-12-20,1,showed
A5352,C1036,2024-12-21,Saturday,12:00 PM,Haircut,2024-12-14,7,showed
A5353,C1018,2024-12-21,Saturday,6:00 PM,Highlights,2024-12-14,7,late-cancel
A5354,C1171,2024-12-21,Saturday,1:30 PM,Haircut,2024-12-07,14,showed
A5355,C1155,2024-12-21,Saturday,9:00 AM,Highlights,2024-12-19,2,late-cancel
A5356,C1022,2024-12-21,Saturday,10:30 AM,Blowout,2024-12-20,1,showed
A5357,C1023,2024-12-21,Saturday,4:30 PM,Color,2024-12-14,7,showed
A5358,C1146,2024-12-21,Saturday,4:30 PM,Balayage,2024-12-14,7,showed
A5359,C1008,2024-12-21,Saturday,12:00 PM,Blowout,2024-12-14,7,late-cancel
A5360,C1189,2024-12-21,Saturday,6:00 PM,Highlights,2024-12-18,3,showed
A5361,C1188,2024-12-23,Monday,6:00 PM,Highlights,2024-12-02,21,showed
A5362,C1079,2024-12-23,Monday,10:30 AM,Balayage,2024-12-16,7,showed
A5363,C1163,2024-12-23,Monday,6:00 PM,Haircut,2024-12-21,2,showed
A5364,C1061,2024-12-23,Monday,1:30 PM,Color,2024-12-22,1,no-show
A5365,C1080,2024-12-24,Tuesday,10:30 AM,Highlights,2024-12-21,3,no-show
A5366,C1143,2024-12-24,Tuesday,9:00 AM,Balayage,2024-12-03,21,showed
A5367,C1042,2024-12-24,Tuesday,6:00 PM,Haircut,2024-12-03,21,showed
A5368,C1118,2024-12-24,Tuesday,10:30 AM,Balayage,2024-12-17,7,late-cancel
A5369,C1101,2024-12-24,Tuesday,4:30 PM,Balayage,2024-12-10,14,showed
A5370,C1103,2024-12-25,Wednesday,6:00 PM,Color,2024-12-04,21,showed
A5371,C1160,2024-12-25,Wednesday,1:30 PM,Blowout,2024-12-11,14,showed
A5372,C1070,2024-12-25,Wednesday,12:00 PM,Balayage,2024-12-11,14,showed
A5373,C1041,2024-12-25,Wednesday,4:30 PM,Color,2024-12-18,7,late-cancel
A5374,C1028,2024-12-25,Wednesday,12:00 PM,Blowout,2024-12-11,14,showed
A5375,C1038,2024-12-25,Wednesday,12:00 PM,Highlights,2024-12-24,1,showed
A5376,C1079,2024-12-25,Wednesday,4:30 PM,Balayage,2024-12-18,7,showed
A5377,C1039,2024-12-26,Thursday,6:00 PM,Balayage,2024-12-25,1,showed
A5378,C1193,2024-12-26,Thursday,12:00 PM,Highlights,2024-12-23,3,showed
A5379,C1103,2024-12-26,Thursday,12:00 PM,Highlights,2024-12-19,7,showed
A5380,C1032,2024-12-26,Thursday,4:30 PM,Blowout,2024-12-25,1,showed
A5381,C1141,2024-12-26,Thursday,10:30 AM,Balayage,2024-12-25,1,showed
A5382,C1110,2024-12-26,Thursday,10:30 AM,Highlights,2024-12-24,2,showed
A5383,C1129,2024-12-26,Thursday,3:00 PM,Color,2024-12-12,14,showed
A5384,C1071,2024-12-26,Thursday,1:30 PM,Blowout,2024-12-19,7,no-show
A5385,C1104,2024-12-27,Friday,6:00 PM,Haircut,2024-12-24,3,showed
A5386,C1026,2024-12-27,Friday,10:30 AM,Haircut,2024-11-27,30,showed
A5387,C1080,2024-12-27,Friday,4:30 PM,Highlights,2024-12-25,2,no-show
A5388,C1186,2024-12-27,Friday,6:00 PM,Haircut,2024-12-25,2,no-show
A5389,C1103,2024-12-27,Friday,3:00 PM,Blowout,2024-12-26,1,showed
A5390,C1062,2024-12-27,Friday,9:00 AM,Blowout,2024-12-24,3,showed
A5391,C1052,2024-12-27,Friday,4:30 PM,Color,2024-12-25,2,no-show
A5392,C1115,2024-12-27,Friday,3:00 PM,Blowout,2024-12-20,7,showed
A5393,C1021,2024-12-27,Friday,12:00 PM,Haircut,2024-12-26,1,showed
A5394,C1122,2024-12-27,Friday,10:30 AM,Haircut,2024-12-13,14,showed
A5395,C1026,2024-12-27,Friday,1:30 PM,Blowout,2024-12-20,7,showed
A5396,C1027,2024-12-28,Saturday,6:00 PM,Balayage,2024-12-14,14,showed
A5397,C1091,2024-12-28,Saturday,3:00 PM,Haircut,2024-12-21,7,showed
A5398,C1149,2024-12-28,Saturday,6:00 PM,Balayage,2024-12-21,7,showed
A5399,C1094,2024-12-28,Saturday,4:30 PM,Haircut,2024-12-07,21,showed
A5400,C1088,2024-12-28,Saturday,3:00 PM,Color,2024-12-26,2,late-cancel
A5401,C1043,2024-12-28,Saturday,4:30 PM,Balayage,2024-12-21,7,late-cancel
A5402,C1036,2024-12-28,Saturday,3:00 PM,Haircut,2024-12-14,14,showed
A5403,C1107,2024-12-28,Saturday,9:00 AM,Blowout,2024-12-27,1,showed
A5404,C1158,2024-12-28,Saturday,6:00 PM,Color,2024-12-25,3,showed
A5405,C1153,2024-12-28,Saturday,3:00 PM,Balayage,2024-12-14,14,showed
A5406,C1031,2024-12-28,Saturday,1:30 PM,Highlights,2024-12-21,7,showed
A5407,C1108,2024-12-28,Saturday,9:00 AM,Haircut,2024-12-21,7,no-show
A5408,C1074,2024-12-28,Saturday,4:30 PM,Blowout,2024-12-21,7,showed
A5409,C1129,2024-12-30,Monday,10:30 AM,Highlights,2024-12-29,1,showed
A5410,C1197,2024-12-30,Monday,1:30 PM,Color,2024-12-29,1,showed
A5411,C1101,2024-12-30,Monday,6:00 PM,Balayage,2024-12-23,7,showed
A5412,C1142,2024-12-30,Monday,1:30 PM,Highlights,2024-12-27,3,showed
A5413,C1100,2024-12-31,Tuesday,4:30 PM,Highlights,2024-12-17,14,showed
A5414,C1031,2024-12-31,Tuesday,6:00 PM,Highlights,2024-12-29,2,showed
A5415,C1037,2024-12-31,Tuesday,9:00 AM,Haircut,2024-12-30,1,showed
A5416,C1038,2024-12-31,Tuesday,9:00 AM,Balayage,2024-12-28,3,showed
A5417,C1094,2024-12-31,Tuesday,6:00 PM,Blowout,2024-12-30,1,showed
A5418,C1041,2025-01-01,Wednesday,10:30 AM,Haircut,2024-12-30,2,showed
A5419,C1148,2025-01-01,Wednesday,3:00 PM,Highlights,2024-12-31,1,no-show
A5420,C1057,2025-01-01,Wednesday,12:00 PM,Haircut,2024-12-31,1,showed
A5421,C1020,2025-01-01,Wednesday,12:00 PM,Color,2024-12-18,14,no-show
A5422,C1026,2025-01-01,Wednesday,9:00 AM,Balayage,2024-12-29,3,showed
A5423,C1183,2025-01-01,Wednesday,1:30 PM,Highlights,2024-12-25,7,showed
A5424,C1060,2025-01-01,Wednesday,3:00 PM,Highlights,2024-12-25,7,showed
A5425,C1024,2025-01-02,Thursday,9:00 AM,Haircut,2025-01-01,1,showed
A5426,C1128,2025-01-02,Thursday,6:00 PM,Color,2024-12-30,3,showed
A5427,C1150,2025-01-02,Thursday,6:00 PM,Haircut,2024-12-19,14,showed
A5428,C1087,2025-01-02,Thursday,6:00 PM,Haircut,2024-12-30,3,no-show
A5429,C1198,2025-01-02,Thursday,1:30 PM,Balayage,2025-01-01,1,showed
A5430,C1060,2025-01-02,Thursday,6:00 PM,Blowout,2024-12-26,7,showed
A5431,C1093,2025-01-02,Thursday,1:30 PM,Haircut,2024-12-31,2,showed
A5432,C1119,2025-01-02,Thursday,4:30 PM,Balayage,2024-12-31,2,no-show
A5433,C1076,2025-01-03,Friday,1:30 PM,Highlights,2024-12-20,14,showed
A5434,C1119,2025-01-03,Friday,9:00 AM,Highlights,2024-12-31,3,showed
A5435,C1118,2025-01-03,Friday,6:00 PM,Blowout,2025-01-01,2,showed
A5436,C1068,2025-01-03,Friday,1:30 PM,Blowout,2024-12-20,14,showed
A5437,C1124,2025-01-03,Friday,9:00 AM,Color,2024-12-27,7,showed
A5438,C1059,2025-01-03,Friday,6:00 PM,Color,2024-12-27,7,showed
A5439,C1019,2025-01-03,Friday,3:00 PM,Highlights,2024-12-20,14,showed
A5440,C1099,2025-01-03,Friday,3:00 PM,Color,2025-01-02,1,showed
A5441,C1101,2025-01-03,Friday,1:30 PM,Color,2024-12-27,7,showed
A5442,C1133,2025-01-03,Friday,9:00 AM,Balayage,2024-12-20,14,showed
A5443,C1003,2025-01-03,Friday,1:30 PM,Color,2024-12-31,3,showed
A5444,C1181,2025-01-04,Saturday,12:00 PM,Color,2025-01-02,2,showed
A5445,C1103,2025-01-04,Saturday,4:30 PM,Color,2025-01-01,3,showed
A5446,C1136,2025-01-04,Saturday,3:00 PM,Balayage,2025-01-01,3,showed
A5447,C1172,2025-01-04,Saturday,6:00 PM,Highlights,2024-12-28,7,showed
A5448,C1101,2025-01-04,Saturday,10:30 AM,Color,2024-12-28,7,showed
A5449,C1095,2025-01-04,Saturday,12:00 PM,Haircut,2024-12-21,14,late-cancel
A5450,C1135,2025-01-04,Saturday,3:00 PM,Color,2024-12-14,21,showed
A5451,C1191,2025-01-04,Saturday,12:00 PM,Blowout,2025-01-03,1,showed
A5452,C1066,2025-01-04,Saturday,12:00 PM,Color,2024-12-21,14,showed
A5453,C1106,2025-01-04,Saturday,4:30 PM,Balayage,2025-01-01,3,showed
A5454,C1128,2025-01-04,Saturday,12:00 PM,Highlights,2024-12-28,7,showed
A5455,C1151,2025-01-04,Saturday,9:00 AM,Color,2024-12-28,7,showed
A5456,C1038,2025-01-04,Saturday,1:30 PM,Color,2024-12-21,14,showed
A5457,C1034,2025-01-06,Monday,10:30 AM,Color,2025-01-03,3,no-show
A5458,C1046,2025-01-06,Monday,4:30 PM,Color,2025-01-04,2,showed
A5459,C1020,2025-01-06,Monday,6:00 PM,Highlights,2024-12-23,14,showed
A5460,C1156,2025-01-06,Monday,1:30 PM,Haircut,2025-01-05,1,showed
A5461,C1076,2025-01-07,Tuesday,3:00 PM,Highlights,2025-01-05,2,showed
A5462,C1142,2025-01-07,Tuesday,3:00 PM,Color,2025-01-04,3,no-show
A5463,C1045,2025-01-07,Tuesday,6:00 PM,Balayage,2024-12-17,21,late-cancel
A5464,C1150,2025-01-07,Tuesday,10:30 AM,Color,2024-12-24,14,no-show
A5465,C1047,2025-01-07,Tuesday,3:00 PM,Blowout,2024-12-31,7,no-show
A5466,C1069,2025-01-08,Wednesday,1:30 PM,Highlights,2025-01-06,2,showed
A5467,C1109,2025-01-08,Wednesday,6:00 PM,Haircut,2025-01-01,7,showed
A5468,C1195,2025-01-08,Wednesday,10:30 AM,Haircut,2025-01-07,1,showed
A5469,C1200,2025-01-08,Wednesday,12:00 PM,Haircut,2025-01-07,1,showed
A5470,C1051,2025-01-08,Wednesday,1:30 PM,Balayage,2025-01-06,2,showed
A5471,C1097,2025-01-08,Wednesday,6:00 PM,Haircut,2025-01-01,7,showed
A5472,C1145,2025-01-08,Wednesday,1:30 PM,Balayage,2025-01-06,2,showed
A5473,C1002,2025-01-09,Thursday,3:00 PM,Haircut,2025-01-02,7,showed
A5474,C1084,2025-01-09,Thursday,10:30 AM,Highlights,2025-01-07,2,showed
A5475,C1141,2025-01-09,Thursday,4:30 PM,Blowout,2025-01-06,3,showed
A5476,C1033,2025-01-09,Thursday,10:30 AM,Balayage,2025-01-06,3,showed
A5477,C1041,2025-01-09,Thursday,9:00 AM,Balayage,2024-12-26,14,showed
A5478,C1077,2025-01-09,Thursday,3:00 PM,Balayage,2024-12-10,30,showed
A5479,C1184,2025-01-09,Thursday,1:30 PM,Highlights,2025-01-06,3,showed
A5480,C1043,2025-01-09,Thursday,12:00 PM,Highlights,2025-01-02,7,showed
A5481,C1068,2025-01-10,Friday,4:30 PM,Blowout,2025-01-03,7,showed
A5482,C1001,2025-01-10,Friday,3:00 PM,Balayage,2025-01-03,7,late-cancel
A5483,C1192,2025-01-10,Friday,12:00 PM,Balayage,2025-01-07,3,late-cancel
A5484,C1012,2025-01-10,Friday,4:30 PM,Haircut,2025-01-03,7,showed
A5485,C1044,2025-01-10,Friday,10:30 AM,Color,2025-01-03,7,showed
A5486,C1199,2025-01-10,Friday,12:00 PM,Color,2024-12-27,14,showed
A5487,C1139,2025-01-10,Friday,9:00 AM,Blowout,2025-01-03,7,showed
A5488,C1090,2025-01-10,Friday,10:30 AM,Color,2024-12-20,21,showed
A5489,C1063,2025-01-10,Friday,9:00 AM,Color,2025-01-07,3,showed
A5490,C1085,2025-01-10,Friday,9:00 AM,Haircut,2025-01-07,3,showed
A5491,C1087,2025-01-10,Friday,6:00 PM,Haircut,2025-01-08,2,no-show
A5492,C1104,2025-01-11,Saturday,6:00 PM,Blowout,2025-01-04,7,showed
A5493,C1054,2025-01-11,Saturday,6:00 PM,Color,2025-01-04,7,no-show
A5494,C1042,2025-01-11,Saturday,10:30 AM,Balayage,2025-01-09,2,showed
A5495,C1034,2025-01-11,Saturday,3:00 PM,Haircut,2025-01-10,1,showed
A5496,C1138,2025-01-11,Saturday,10:30 AM,Haircut,2024-12-12,30,showed
A5497,C1069,2025-01-11,Saturday,9:00 AM,Color,2024-12-28,14,showed
A5498,C1200,2025-01-11,Saturday,3:00 PM,Balayage,2025-01-08,3,showed
A5499,C1154,2025-01-11,Saturday,9:00 AM,Haircut,2025-01-04,7,showed
A5500,C1103,2025-01-11,Saturday,1:30 PM,Balayage,2025-01-09,2,showed
A5501,C1041,2025-01-11,Saturday,9:00 AM,Balayage,2025-01-10,1,showed
A5502,C1069,2025-01-11,Saturday,3:00 PM,Color,2025-01-04,7,showed
A5503,C1026,2025-01-11,Saturday,10:30 AM,Balayage,2025-01-04,7,showed
A5504,C1026,2025-01-11,Saturday,10:30 AM,Balayage,2025-01-08,3,showed
A5505,C1071,2025-01-13,Monday,10:30 AM,Blowout,2025-01-10,3,showed
A5506,C1099,2025-01-13,Monday,10:30 AM,Haircut,2025-01-12,1,showed
A5507,C1115,2025-01-13,Monday,10:30 AM,Haircut,2024-12-30,14,no-show
A5508,C1152,2025-01-13,Monday,4:30 PM,Blowout,2025-01-11,2,showed
A5509,C1036,2025-01-14,Tuesday,10:30 AM,Color,2025-01-12,2,showed
A5510,C1177,2025-01-14,Tuesday,12:00 PM,Highlights,2025-01-12,2,no-show
A5511,C1025,2025-01-14,Tuesday,4:30 PM,Color,2025-01-12,2,showed
A5512,C1077,2025-01-14,Tuesday,6:00 PM,Haircut,2025-01-12,2,showed
A5513,C1152,2025-01-14,Tuesday,10:30 AM,Highlights,2025-01-11,3,showed
A5514,C1096,2025-01-15,Wednesday,12:00 PM,Color,2025-01-08,7,showed
A5515,C1140,2025-01-15,Wednesday,6:00 PM,Highlights,2025-01-13,2,showed
A5516,C1180,2025-01-15,Wednesday,6:00 PM,Haircut,2024-12-25,21,showed
A5517,C1002,2025-01-15,Wednesday,3:00 PM,Balayage,2025-01-12,3,showed
A5518,C1163,2025-01-15,Wednesday,3:00 PM,Color,2025-01-12,3,showed
A5519,C1194,2025-01-15,Wednesday,3:00 PM,Blowout,2025-01-13,2,showed
A5520,C1159,2025-01-15,Wednesday,10:30 AM,Highlights,2024-12-25,21,showed
A5521,C1075,2025-01-16,Thursday,12:00 PM,Haircut,2024-12-26,21,showed
A5522,C1129,2025-01-16,Thursday,12:00 PM,Blowout,2025-01-02,14,showed
A5523,C1139,2025-01-16,Thursday,6:00 PM,Highlights,2025-01-14,2,showed
A5524,C1123,2025-01-16,Thursday,6:00 PM,Color,2025-01-15,1,no-show
A5525,C1131,2025-01-16,Thursday,1:30 PM,Color,2025-01-14,2,showed
A5526,C1093,2025-01-16,Thursday,10:30 AM,Highlights,2025-01-13,3,showed
A5527,C1150,2025-01-16,Thursday,3:00 PM,Color,2025-01-13,3,showed
A5528,C1003,2025-01-16,Thursday,3:00 PM,Color,2025-01-02,14,showed
A5529,C1163,2025-01-17,Friday,6:00 PM,Highlights,2025-01-14,3,showed
A5530,C1049,2025-01-17,Friday,12:00 PM,Color,2025-01-10,7,showed
A5531,C1044,2025-01-17,Friday,10:30 AM,Highlights,2025-01-03,14,showed
A5532,C1045,2025-01-17,Friday,6:00 PM,Haircut,2025-01-10,7,showed
A5533,C1101,2025-01-17,Friday,4:30 PM,Balayage,2025-01-15,2,no-show
A5534,C1105,2025-01-17,Friday,12:00 PM,Highlights,2025-01-14,3,showed
A5535,C1149,2025-01-17,Friday,10:30 AM,Color,2025-01-14,3,showed
A5536,C1166,2025-01-17,Friday,4:30 PM,Color,2025-01-16,1,showed
A5537,C1195,2025-01-17,Friday,10:30 AM,Color,2025-01-16,1,showed
A5538,C1159,2025-01-17,Friday,10:30 AM,Highlights,2025-01-15,2,showed
A5539,C1152,2025-01-17,Friday,6:00 PM,Haircut,2025-01-15,2,showed
A5540,C1006,2025-01-18,Saturday,10:30 AM,Balayage,2024-12-28,21,late-cancel
A5541,C1103,2025-01-18,Saturday,9:00 AM,Balayage,2025-01-16,2,showed
A5542,C1112,2025-01-18,Saturday,1:30 PM,Highlights,2025-01-04,14,showed
A5543,C1091,2025-01-18,Saturday,3:00 PM,Highlights,2025-01-17,1,no-show
A5544,C1045,2025-01-18,Saturday,1:30 PM,Haircut,2025-01-16,2,showed
A5545,C1038,2025-01-18,Saturday,4:30 PM,Haircut,2025-01-04,14,showed
A5546,C1051,2025-01-18,Saturday,9:00 AM,Haircut,2025-01-04,14,showed
A5547,C1067,2025-01-18,Saturday,9:00 AM,Balayage,2025-01-16,2,showed
A5548,C1184,2025-01-18,Saturday,12:00 PM,Highlights,2025-01-17,1,showed
A5549,C1192,2025-01-18,Saturday,10:30 AM,Balayage,2025-01-16,2,showed
A5550,C1134,2025-01-18,Saturday,1:30 PM,Haircut,2025-01-15,3,showed
A5551,C1065,2025-01-18,Saturday,10:30 AM,Blowout,2025-01-11,7,showed
A5552,C1110,2025-01-18,Saturday,1:30 PM,Highlights,2025-01-04,14,showed
A5553,C1141,2025-01-20,Monday,9:00 AM,Balayage,2025-01-17,3,showed
A5554,C1045,2025-01-20,Monday,10:30 AM,Haircut,2025-01-18,2,showed
A5555,C1057,2025-01-20,Monday,12:00 PM,Highlights,2025-01-17,3,no-show
A5556,C1128,2025-01-20,Monday,12:00 PM,Highlights,2025-01-18,2,showed
A5557,C1051,2025-01-21,Tuesday,1:30 PM,Blowout,2025-01-14,7,showed
A5558,C1003,2025-01-21,Tuesday,6:00 PM,Highlights,2025-01-19,2,showed
A5559,C1058,2025-01-21,Tuesday,6:00 PM,Color,2025-01-18,3,showed
A5560,C1072,2025-01-21,Tuesday,10:30 AM,Color,2025-01-14,7,showed
A5561,C1069,2025-01-21,Tuesday,9:00 AM,Haircut,2025-01-20,1,showed
A5562,C1087,2025-01-22,Wednesday,12:00 PM,Balayage,2025-01-15,7,showed
A5563,C1024,2025-01-22,Wednesday,12:00 PM,Color,2025-01-19,3,no-show
A5564,C1152,2025-01-22,Wednesday,6:00 PM,Haircut,2025-01-15,7,showed
A5565,C1137,2025-01-22,Wednesday,4:30 PM,Balayage,2025-01-21,1,no-show
A5566,C1126,2025-01-22,Wednesday,4:30 PM,Balayage,2025-01-08,14,showed
A5567,C1117,2025-01-22,Wednesday,3:00 PM,Highlights,2025-01-15,7,showed
A5568,C1102,2025-01-22,Wednesday,9:00 AM,Blowout,2025-01-15,7,showed
A5569,C1090,2025-01-23,Thursday,12:00 PM,Balayage,2025-01-09,14,showed
A5570,C1100,2025-01-23,Thursday,1:30 PM,Blowout,2025-01-09,14,showed
A5571,C1018,2025-01-23,Thursday,12:00 PM,Haircut,2025-01-20,3,showed
A5572,C1192,2025-01-23,Thursday,9:00 AM,Haircut,2025-01-16,7,showed
A5573,C1179,2025-01-23,Thursday,6:00 PM,Haircut,2025-01-21,2,no-show
A5574,C1133,2025-01-23,Thursday,9:00 AM,Balayage,2025-01-20,3,showed
A5575,C1099,2025-01-23,Thursday,10:30 AM,Highlights,2025-01-22,1,showed
A5576,C1009,2025-01-23,Thursday,9:00 AM,Color,2025-01-20,3,showed
A5577,C1109,2025-01-24,Friday,10:30 AM,Color,2025-01-17,7,no-show
A5578,C1124,2025-01-24,Friday,4:30 PM,Color,2025-01-17,7,no-show
A5579,C1104,2025-01-24,Friday,6:00 PM,Haircut,2025-01-21,3,showed
A5580,C1189,2025-01-24,Friday,1:30 PM,Balayage,2025-01-22,2,showed
A5581,C1199,2025-01-24,Friday,9:00 AM,Blowout,2025-01-23,1,no-show
A5582,C1166,2025-01-24,Friday,12:00 PM,Color,2025-01-17,7,showed
A5583,C1154,2025-01-24,Friday,9:00 AM,Balayage,2025-01-10,14,showed
A5584,C1107,2025-01-24,Friday,4:30 PM,Color,2025-01-22,2,showed
A5585,C1129,2025-01-24,Friday,1:30 PM,Haircut,2025-01-10,14,showed
A5586,C1164,2025-01-24,Friday,9:00 AM,Highlights,2025-01-21,3,showed
A5587,C1031,2025-01-24,Friday,9:00 AM,Highlights,2025-01-17,7,showed
A5588,C1196,2025-01-25,Saturday,9:00 AM,Blowout,2025-01-18,7,showed
A5589,C1114,2025-01-25,Saturday,1:30 PM,Color,2025-01-24,1,showed
A5590,C1018,2025-01-25,Saturday,10:30 AM,Blowout,2025-01-22,3,showed
A5591,C1004,2025-01-25,Saturday,6:00 PM,Blowout,2025-01-22,3,showed
A5592,C1131,2025-01-25,Saturday,9:00 AM,Blowout,2025-01-11,14,showed
A5593,C1126,2025-01-25,Saturday,10:30 AM,Balayage,2025-01-24,1,showed
A5594,C1197,2025-01-25,Saturday,6:00 PM,Color,2025-01-23,2,showed
A5595,C1002,2025-01-25,Saturday,6:00 PM,Highlights,2025-01-18,7,showed
A5596,C1151,2025-01-25,Saturday,9:00 AM,Color,2025-01-23,2,showed
A5597,C1176,2025-01-25,Saturday,10:30 AM,Haircut,2025-01-04,21,showed
A5598,C1084,2025-01-25,Saturday,4:30 PM,Blowout,2025-01-22,3,showed
A5599,C1092,2025-01-25,Saturday,3:00 PM,Balayage,2025-01-11,14,showed
A5600,C1154,2025-01-25,Saturday,3:00 PM,Highlights,2025-01-23,2,showed
A5601,C1001,2025-01-27,Monday,3:00 PM,Blowout,2025-01-24,3,showed
A5602,C1060,2025-01-27,Monday,3:00 PM,Highlights,2025-01-20,7,showed
A5603,C1014,2025-01-27,Monday,6:00 PM,Haircut,2025-01-20,7,showed
A5604,C1107,2025-01-27,Monday,6:00 PM,Haircut,2025-01-24,3,showed
A5605,C1165,2025-01-28,Tuesday,10:30 AM,Haircut,2025-01-26,2,showed
A5606,C1149,2025-01-28,Tuesday,6:00 PM,Haircut,2025-01-14,14,showed
A5607,C1065,2025-01-28,Tuesday,3:00 PM,Color,2025-01-14,14,showed
A5608,C1024,2025-01-28,Tuesday,10:30 AM,Balayage,2025-01-25,3,showed
A5609,C1014,2025-01-28,Tuesday,10:30 AM,Balayage,2025-01-07,21,showed
A5610,C1013,2025-01-29,Wednesday,3:00 PM,Blowout,2025-01-27,2,no-show
A5611,C1164,2025-01-29,Wednesday,6:00 PM,Haircut,2025-01-15,14,showed
A5612,C1136,2025-01-29,Wednesday,1:30 PM,Blowout,2025-01-27,2,no-show
A5613,C1198,2025-01-29,Wednesday,12:00 PM,Blowout,2025-01-27,2,showed
A5614,C1170,2025-01-29,Wednesday,1:30 PM,Color,2025-01-15,14,showed
A5615,C1087,2025-01-29,Wednesday,10:30 AM,Balayage,2025-01-08,21,showed
A5616,C1108,2025-01-29,Wednesday,1:30 PM,Blowout,2025-01-22,7,showed
A5617,C1099,2025-01-30,Thursday,10:30 AM,Balayage,2025-01-16,14,showed
A5618,C1143,2025-01-30,Thursday,10:30 AM,Haircut,2025-01-29,1,showed
A5619,C1015,2025-01-30,Thursday,6:00 PM,Color,2025-01-23,7,showed
A5620,C1173,2025-01-30,Thursday,12:00 PM,Highlights,2025-01-09,21,showed
A5621,C1153,2025-01-30,Thursday,4:30 PM,Color,2025-01-27,3,showed
A5622,C1134,2025-01-30,Thursday,1:30 PM,Haircut,2025-01-23,7,late-cancel
A5623,C1192,2025-01-30,Thursday,4:30 PM,Color,2025-01-28,2,showed
A5624,C1096,2025-01-30,Thursday,3:00 PM,Haircut,2025-01-28,2,showed
A5625,C1040,2025-01-31,Friday,1:30 PM,Highlights,2025-01-10,21,showed
A5626,C1069,2025-01-31,Friday,1:30 PM,Haircut,2025-01-24,7,showed
A5627,C1195,2025-01-31,Friday,10:30 AM,Highlights,2025-01-28,3,showed
A5628,C1196,2025-01-31,Friday,12:00 PM,Haircut,2025-01-17,14,showed
A5629,C1196,2025-01-31,Friday,3:00 PM,Haircut,2025-01-28,3,showed
A5630,C1095,2025-01-31,Friday,12:00 PM,Haircut,2025-01-17,14,showed
A5631,C1180,2025-01-31,Friday,3:00 PM,Blowout,2025-01-29,2,showed
A5632,C1184,2025-01-31,Friday,1:30 PM,Color,2025-01-24,7,showed
A5633,C1183,2025-01-31,Friday,10:30 AM,Color,2025-01-28,3,showed
A5634,C1010,2025-01-31,Friday,6:00 PM,Balayage,2025-01-28,3,showed
A5635,C1136,2025-01-31,Friday,3:00 PM,Haircut,2025-01-28,3,no-show
A5636,C1149,2025-02-01,Saturday,6:00 PM,Balayage,2025-01-29,3,showed
A5637,C1171,2025-02-01,Saturday,10:30 AM,Haircut,2025-01-11,21,showed
A5638,C1135,2025-02-01,Saturday,10:30 AM,Balayage,2025-01-29,3,showed
A5639,C1099,2025-02-01,Saturday,9:00 AM,Balayage,2025-01-29,3,showed
A5640,C1105,2025-02-01,Saturday,12:00 PM,Balayage,2025-01-30,2,showed
A5641,C1154,2025-02-01,Saturday,10:30 AM,Blowout,2025-01-25,7,showed
A5642,C1188,2025-02-01,Saturday,10:30 AM,Highlights,2025-01-25,7,showed
A5643,C1103,2025-02-01,Saturday,1:30 PM,Balayage,2025-01-25,7,showed
A5644,C1200,2025-02-01,Saturday,12:00 PM,Haircut,2025-01-29,3,showed
A5645,C1013,2025-02-01,Saturday,6:00 PM,Highlights,2025-01-25,7,showed
A5646,C1025,2025-02-01,Saturday,3:00 PM,Blowout,2025-01-29,3,showed
A5647,C1154,2025-02-01,Saturday,10:30 AM,Balayage,2025-01-31,1,no-show
A5648,C1002,2025-02-01,Saturday,12:00 PM,Highlights,2025-01-18,14,no-show
A5649,C1169,2025-02-03,Monday,1:30 PM,Color,2025-01-27,7,showed
A5650,C1018,2025-02-03,Monday,12:00 PM,Color,2025-01-13,21,showed
A5651,C1188,2025-02-03,Monday,9:00 AM,Color,2025-01-13,21,late-cancel
A5652,C1133,2025-02-03,Monday,1:30 PM,Highlights,2025-01-20,14,showed
A5653,C1140,2025-02-04,Tuesday,9:00 AM,Blowout,2025-02-01,3,showed
A5654,C1084,2025-02-04,Tuesday,1:30 PM,Highlights,2025-01-21,14,showed
A5655,C1179,2025-02-04,Tuesday,9:00 AM,Highlights,2025-02-03,1,no-show
A5656,C1182,2025-02-04,Tuesday,9:00 AM,Blowout,2025-01-28,7,showed
A5657,C1060,2025-02-04,Tuesday,1:30 PM,Balayage,2025-02-03,1,showed
A5658,C1027,2025-02-05,Wednesday,12:00 PM,Blowout,2025-01-29,7,showed
A5659,C1146,2025-02-05,Wednesday,6:00 PM,Blowout,2025-01-15,21,showed
A5660,C1009,2025-02-05,Wednesday,6:00 PM,Highlights,2025-01-29,7,showed
A5661,C1002,2025-02-05,Wednesday,4:30 PM,Highlights,2025-02-04,1,showed
A5662,C1115,2025-02-05,Wednesday,1:30 PM,Haircut,2025-01-29,7,showed
A5663,C1086,2025-02-05,Wednesday,10:30 AM,Highlights,2025-01-06,30,late-cancel
A5664,C1064,2025-02-05,Wednesday,12:00 PM,Balayage,2025-01-22,14,showed
A5665,C1082,2025-02-06,Thursday,9:00 AM,Color,2025-02-04,2,showed
A5666,C1104,2025-02-06,Thursday,9:00 AM,Balayage,2025-02-05,1,showed
A5667,C1044,2025-02-06,Thursday,12:00 PM,Haircut,2025-02-05,1,showed
A5668,C1148,2025-02-06,Thursday,10:30 AM,Haircut,2025-01-23,14,no-show
A5669,C1086,2025-02-06,Thursday,4:30 PM,Blowout,2025-01-23,14,showed
A5670,C1051,2025-02-06,Thursday,10:30 AM,Color,2025-01-30,7,showed
A5671,C1188,2025-02-06,Thursday,12:00 PM,Highlights,2025-02-04,2,showed
A5672,C1141,2025-02-06,Thursday,6:00 PM,Highlights,2025-01-30,7,late-cancel
A5673,C1192,2025-02-07,Friday,1:30 PM,Color,2025-01-17,21,showed
A5674,C1017,2025-02-07,Friday,9:00 AM,Balayage,2025-01-17,21,showed
A5675,C1194,2025-02-07,Friday,6:00 PM,Balayage,2025-01-31,7,showed
A5676,C1177,2025-02-07,Friday,6:00 PM,Highlights,2025-01-31,7,showed
A5677,C1169,2025-02-07,Friday,3:00 PM,Blowout,2025-02-05,2,showed
A5678,C1099,2025-02-07,Friday,12:00 PM,Haircut,2025-02-05,2,showed
A5679,C1091,2025-02-07,Friday,12:00 PM,Highlights,2025-01-31,7,showed
A5680,C1189,2025-02-07,Friday,12:00 PM,Balayage,2025-01-24,14,showed
A5681,C1159,2025-02-07,Friday,12:00 PM,Color,2025-02-04,3,showed
A5682,C1102,2025-02-07,Friday,1:30 PM,Balayage,2025-02-06,1,no-show
A5683,C1073,2025-02-07,Friday,10:30 AM,Haircut,2025-02-06,1,showed
A5684,C1080,2025-02-08,Saturday,12:00 PM,Haircut,2025-02-07,1,showed
A5685,C1183,2025-02-08,Saturday,10:30 AM,Haircut,2025-02-01,7,late-cancel
A5686,C1054,2025-02-08,Saturday,1:30 PM,Color,2025-02-01,7,showed
A5687,C1011,2025-02-08,Saturday,12:00 PM,Blowout,2025-02-06,2,showed
A5688,C1072,2025-02-08,Saturday,4:30 PM,Haircut,2025-02-01,7,showed
A5689,C1004,2025-02-08,Saturday,12:00 PM,Color,2025-02-06,2,showed
A5690,C1098,2025-02-08,Saturday,1:30 PM,Blowout,2025-02-06,2,showed
A5691,C1061,2025-02-08,Saturday,1:30 PM,Color,2025-02-05,3,no-show
A5692,C1049,2025-02-08,Saturday,1:30 PM,Highlights,2025-02-01,7,late-cancel
A5693,C1130,2025-02-08,Saturday,6:00 PM,Balayage,2025-01-18,21,showed
A5694,C1155,2025-02-08,Saturday,9:00 AM,Blowout,2025-02-01,7,no-show
A5695,C1174,2025-02-08,Saturday,3:00 PM,Blowout,2025-02-01,7,showed
A5696,C1178,2025-02-08,Saturday,12:00 PM,Color,2025-02-01,7,no-show
A5697,C1052,2025-02-10,Monday,10:30 AM,Balayage,2025-02-03,7,no-show
A5698,C1025,2025-02-10,Monday,12:00 PM,Blowout,2025-02-07,3,showed
A5699,C1042,2025-02-10,Monday,10:30 AM,Color,2025-01-27,14,showed
A5700,C1168,2025-02-10,Monday,12:00 PM,Balayage,2025-02-07,3,showed
A5701,C1041,2025-02-11,Tuesday,12:00 PM,Color,2025-02-10,1,showed
A5702,C1002,2025-02-11,Tuesday,12:00 PM,Highlights,2025-02-08,3,showed
A5703,C1186,2025-02-11,Tuesday,6:00 PM,Haircut,2025-02-04,7,showed
A5704,C1174,2025-02-11,Tuesday,4:30 PM,Color,2025-01-28,14,showed
A5705,C1075,2025-02-11,Tuesday,9:00 AM,Blowout,2025-02-08,3,showed
A5706,C1148,2025-02-12,Wednesday,6:00 PM,Balayage,2025-02-10,2,showed
A5707,C1034,2025-02-12,Wednesday,10:30 AM,Color,2025-01-29,14,showed
A5708,C1097,2025-02-12,Wednesday,12:00 PM,Color,2025-01-22,21,showed
A5709,C1099,2025-02-12,Wednesday,3:00 PM,Highlights,2025-02-11,1,no-show
A5710,C1096,2025-02-12,Wednesday,3:00 PM,Balayage,2025-02-09,3,no-show
A5711,C1100,2025-02-12,Wednesday,9:00 AM,Highlights,2025-02-05,7,showed
A5712,C1061,2025-02-12,Wednesday,1:30 PM,Color,2025-02-11,1,no-show
A5713,C1003,2025-02-13,Thursday,10:30 AM,Blowout,2025-02-10,3,showed
A5714,C1163,2025-02-13,Thursday,6:00 PM,Haircut,2025-02-10,3,showed
A5715,C1003,2025-02-13,Thursday,3:00 PM,Haircut,2025-01-30,14,showed
A5716,C1016,2025-02-13,Thursday,10:30 AM,Haircut,2025-01-30,14,showed
A5717,C1156,2025-02-13,Thursday,10:30 AM,Color,2025-02-11,2,showed
A5718,C1095,2025-02-13,Thursday,4:30 PM,Blowout,2025-02-06,7,showed
A5719,C1148,2025-02-13,Thursday,10:30 AM,Balayage,2025-02-06,7,no-show
A5720,C1160,2025-02-13,Thursday,1:30 PM,Haircut,2025-02-06,7,no-show
A5721,C1119,2025-02-14,Friday,6:00 PM,Balayage,2025-02-11,3,showed
A5722,C1066,2025-02-14,Friday,4:30 PM,Blowout,2025-01-31,14,showed
A5723,C1074,2025-02-14,Friday,3:00 PM,Highlights,2025-02-07,7,showed
A5724,C1058,2025-02-14,Friday,9:00 AM,Blowout,2025-02-07,7,no-show
A5725,C1144,2025-02-14,Friday,3:00 PM,Blowout,2025-02-13,1,showed
A5726,C1136,2025-02-14,Friday,6:00 PM,Highlights,2025-02-12,2,showed
A5727,C1104,2025-02-14,Friday,10:30 AM,Blowout,2025-02-12,2,showed
A5728,C1032,2025-02-14,Friday,1:30 PM,Haircut,2025-02-11,3,showed
A5729,C1004,2025-02-14,Friday,6:00 PM,Balayage,2025-02-12,2,showed
A5730,C1036,2025-02-14,Friday,1:30 PM,Haircut,2025-02-11,3,showed
A5731,C1164,2025-02-14,Friday,1:30 PM,Balayage,2025-02-12,2,no-show
A5732,C1051,2025-02-15,Saturday,9:00 AM,Highlights,2025-02-12,3,late-cancel
A5733,C1096,2025-02-15,Saturday,4:30 PM,Haircut,2025-01-25,21,showed
A5734,C1186,2025-02-15,Saturday,9:00 AM,Balayage,2025-02-08,7,showed
A5735,C1109,2025-02-15,Saturday,3:00 PM,Balayage,2025-02-14,1,showed
A5736,C1046,2025-02-15,Saturday,9:00 AM,Color,2025-02-13,2,showed
A5737,C1114,2025-02-15,Saturday,9:00 AM,Balayage,2025-02-08,7,showed
A5738,C1094,2025-02-15,Saturday,4:30 PM,Highlights,2025-02-13,2,showed
A5739,C1120,2025-02-15,Saturday,12:00 PM,Balayage,2025-02-08,7,showed
A5740,C1021,2025-02-15,Saturday,3:00 PM,Blowout,2025-02-01,14,showed
A5741,C1191,2025-02-15,Saturday,6:00 PM,Balayage,2025-01-25,21,showed
A5742,C1100,2025-02-15,Saturday,3:00 PM,Color,2025-02-01,14,showed
A5743,C1156,2025-02-15,Saturday,4:30 PM,Blowout,2025-02-12,3,showed
A5744,C1002,2025-02-15,Saturday,1:30 PM,Haircut,2025-02-12,3,showed
A5745,C1191,2025-02-17,Monday,6:00 PM,Balayage,2025-02-10,7,showed
A5746,C1068,2025-02-17,Monday,9:00 AM,Haircut,2025-02-15,2,showed
A5747,C1155,2025-02-17,Monday,1:30 PM,Color,2025-02-14,3,no-show
A5748,C1037,2025-02-17,Monday,3:00 PM,Balayage,2025-02-10,7,showed
A5749,C1054,2025-02-18,Tuesday,6:00 PM,Balayage,2025-02-11,7,no-show
A5750,C1011,2025-02-18,Tuesday,3:00 PM,Color,2025-02-16,2,showed
A5751,C1102,2025-02-18,Tuesday,1:30 PM,Balayage,2025-01-28,21,showed
A5752,C1048,2025-02-18,Tuesday,1:30 PM,Balayage,2025-02-16,2,showed
A5753,C1182,2025-02-18,Tuesday,4:30 PM,Blowout,2025-02-16,2,showed
A5754,C1012,2025-02-19,Wednesday,4:30 PM,Color,2025-02-18,1,no-show
A5755,C1025,2025-02-19,Wednesday,9:00 AM,Haircut,2025-02-17,2,showed
A5756,C1195,2025-02-19,Wednesday,3:00 PM,Highlights,2025-02-05,14,showed
A5757,C1077,2025-02-19,Wednesday,9:00 AM,Blowout,2025-02-16,3,showed
A5758,C1156,2025-02-19,Wednesday,4:30 PM,Balayage,2025-02-18,1,showed
A5759,C1022,2025-02-19,Wednesday,12:00 PM,Highlights,2025-02-16,3,showed
A5760,C1114,2025-02-19,Wednesday,3:00 PM,Blowout,2025-02-16,3,showed
A5761,C1057,2025-02-20,Thursday,9:00 AM,Balayage,2025-02-19,1,showed
A5762,C1055,2025-02-20,Thursday,10:30 AM,Balayage,2025-02-13,7,showed
A5763,C1039,2025-02-20,Thursday,1:30 PM,Balayage,2025-01-30,21,showed
A5764,C1020,2025-02-20,Thursday,4:30 PM,Blowout,2025-02-17,3,late-cancel
A5765,C1102,2025-02-20,Thursday,12:00 PM,Balayage,2025-02-17,3,no-show
A5766,C1114,2025-02-20,Thursday,3:00 PM,Highlights,2025-02-19,1,no-show
A5767,C1097,2025-02-20,Thursday,12:00 PM,Blowout,2025-02-06,14,showed
A5768,C1078,2025-02-20,Thursday,12:00 PM,Haircut,2025-02-19,1,late-cancel
A5769,C1122,2025-02-21,Friday,12:00 PM,Haircut,2025-02-07,14,no-show
A5770,C1127,2025-02-21,Friday,4:30 PM,Balayage,2025-02-19,2,showed
A5771,C1130,2025-02-21,Friday,1:30 PM,Balayage,2025-02-19,2,showed
A5772,C1001,2025-02-21,Friday,1:30 PM,Color,2025-02-07,14,no-show
A5773,C1011,2025-02-21,Friday,1:30 PM,Color,2025-02-19,2,showed
A5774,C1092,2025-02-21,Friday,6:00 PM,Balayage,2025-02-14,7,showed
A5775,C1106,2025-02-21,Friday,12:00 PM,Blowout,2025-02-14,7,showed
A5776,C1125,2025-02-21,Friday,10:30 AM,Haircut,2025-02-14,7,showed
A5777,C1151,2025-02-21,Friday,3:00 PM,Balayage,2025-02-14,7,showed
A5778,C1182,2025-02-21,Friday,3:00 PM,Haircut,2025-02-19,2,showed
A5779,C1130,2025-02-21,Friday,3:00 PM,Blowout,2025-02-18,3,showed
A5780,C1004,2025-02-22,Saturday,3:00 PM,Color,2025-02-08,14,showed
A5781,C1112,2025-02-22,Saturday,10:30 AM,Color,2025-02-20,2,showed
A5782,C1066,2025-02-22,Saturday,9:00 AM,Color,2025-02-08,14,showed
A5783,C1150,2025-02-22,Saturday,3:00 PM,Haircut,2025-02-15,7,showed
A5784,C1085,2025-02-22,Saturday,3:00 PM,Highlights,2025-02-15,7,late-cancel
A5785,C1180,2025-02-22,Saturday,4:30 PM,Balayage,2025-02-21,1,showed
A5786,C1042,2025-02-22,Saturday,10:30 AM,Blowout,2025-02-21,1,showed
A5787,C1078,2025-02-22,Saturday,12:00 PM,Color,2025-02-01,21,showed
A5788,C1042,2025-02-22,Saturday,4:30 PM,Balayage,2025-02-19,3,showed
A5789,C1017,2025-02-22,Saturday,6:00 PM,Blowout,2025-02-08,14,showed
A5790,C1033,2025-02-22,Saturday,3:00 PM,Blowout,2025-02-20,2,showed
A5791,C1169,2025-02-22,Saturday,6:00 PM,Highlights,2025-02-15,7,showed
A5792,C1099,2025-02-22,Saturday,4:30 PM,Color,2025-02-15,7,showed
A5793,C1165,2025-02-24,Monday,12:00 PM,Balayage,2025-02-21,3,showed
A5794,C1138,2025-02-24,Monday,12:00 PM,Balayage,2025-01-25,30,no-show
A5795,C1174,2025-02-24,Monday,1:30 PM,Balayage,2025-02-21,3,showed
A5796,C1100,2025-02-24,Monday,4:30 PM,Blowout,2025-02-22,2,late-cancel
A5797,C1159,2025-02-25,Tuesday,1:30 PM,Color,2025-02-11,14,showed
A5798,C1013,2025-02-25,Tuesday,9:00 AM,Blowout,2025-02-11,14,showed
A5799,C1099,2025-02-25,Tuesday,9:00 AM,Haircut,2025-02-22,3,showed
A5800,C1082,2025-02-25,Tuesday,4:30 PM,Blowout,2025-02-18,7,showed
A5801,C1128,2025-02-25,Tuesday,3:00 PM,Balayage,2025-02-18,7,showed
A5802,C1092,2025-02-26,Wednesday,12:00 PM,Haircut,2025-02-12,14,showed
A5803,C1121,2025-02-26,Wednesday,9:00 AM,Haircut,2025-02-23,3,showed
A5804,C1087,2025-02-26,Wednesday,6:00 PM,Balayage,2025-02-19,7,showed
A5805,C1075,2025-02-26,Wednesday,12:00 PM,Haircut,2025-02-19,7,showed
A5806,C1084,2025-02-26,Wednesday,10:30 AM,Highlights,2025-02-25,1,showed
A5807,C1198,2025-02-26,Wednesday,3:00 PM,Balayage,2025-02-19,7,late-cancel
A5808,C1052,2025-02-26,Wednesday,1:30 PM,Blowout,2025-02-24,2,late-cancel
A5809,C1199,2025-02-27,Thursday,12:00 PM,Balayage,2025-02-25,2,showed
A5810,C1116,2025-02-27,Thursday,10:30 AM,Balayage,2025-02-26,1,showed
A5811,C1077,2025-02-27,Thursday,12:00 PM,Color,2025-02-13,14,showed
A5812,C1106,2025-02-27,Thursday,9:00 AM,Highlights,2025-02-26,1,showed
A5813,C1189,2025-02-27,Thursday,9:00 AM,Blowout,2025-02-20,7,showed
A5814,C1018,2025-02-27,Thursday,4:30 PM,Blowout,2025-02-25,2,no-show
A5815,C1198,2025-02-27,Thursday,9:00 AM,Blowout,2025-02-24,3,showed
A5816,C1148,2025-02-27,Thursday,10:30 AM,Highlights,2025-02-13,14,no-show
A5817,C1040,2025-02-28,Friday,9:00 AM,Color,2025-02-21,7,showed
A5818,C1135,2025-02-28,Friday,12:00 PM,Haircut,2025-02-27,1,showed
A5819,C1198,2025-02-28,Friday,4:30 PM,Balayage,2025-02-25,3,showed
A5820,C1004,2025-02-28,Friday,1:30 PM,Color,2025-02-21,7,showed
A5821,C1087,2025-02-28,Friday,4:30 PM,Blowout,2025-02-21,7,no-show
A5822,C1169,2025-02-28,Friday,9:00 AM,Color,2025-01-29,30,showed
A5823,C1038,2025-02-28,Friday,6:00 PM,Haircut,2025-02-21,7,showed
A5824,C1091,2025-02-28,Friday,3:00 PM,Color,2025-02-07,21,no-show
A5825,C1072,2025-02-28,Friday,6:00 PM,Haircut,2025-02-21,7,showed
A5826,C1040,2025-02-28,Friday,9:00 AM,Blowout,2025-02-27,1,showed
A5827,C1121,2025-02-28,Friday,1:30 PM,Balayage,2025-02-26,2,showed
A5828,C1030,2025-03-01,Saturday,9:00 AM,Blowout,2025-02-22,7,showed
A5829,C1176,2025-03-01,Saturday,10:30 AM,Color,2025-02-22,7,no-show
A5830,C1134,2025-03-01,Saturday,10:30 AM,Blowout,2025-02-15,14,showed
A5831,C1102,2025-03-01,Saturday,6:00 PM,Highlights,2025-02-22,7,showed
A5832,C1063,2025-03-01,Saturday,10:30 AM,Color,2025-02-22,7,showed
A5833,C1189,2025-03-01,Saturday,4:30 PM,Blowout,2025-02-22,7,showed
A5834,C1072,2025-03-01,Saturday,1:30 PM,Balayage,2025-02-27,2,showed
A5835,C1026,2025-03-01,Saturday,1:30 PM,Color,2025-02-15,14,showed
A5836,C1047,2025-03-01,Saturday,10:30 AM,Haircut,2025-02-15,14,showed
A5837,C1136,2025-03-01,Saturday,6:00 PM,Haircut,2025-02-08,21,showed
A5838,C1076,2025-03-01,Saturday,1:30 PM,Highlights,2025-02-15,14,showed
A5839,C1107,2025-03-01,Saturday,3:00 PM,Haircut,2025-02-22,7,showed
A5840,C1061,2025-03-01,Saturday,4:30 PM,Color,2025-02-28,1,no-show
A5841,C1122,2025-03-03,Monday,3:00 PM,Blowout,2025-03-02,1,late-cancel
A5842,C1039,2025-03-03,Monday,10:30 AM,Balayage,2025-02-17,14,showed
A5843,C1010,2025-03-03,Monday,6:00 PM,Balayage,2025-02-24,7,showed
A5844,C1183,2025-03-03,Monday,4:30 PM,Balayage,2025-02-24,7,no-show
A5845,C1142,2025-03-04,Tuesday,1:30 PM,Balayage,2025-03-02,2,showed
A5846,C1019,2025-03-04,Tuesday,1:30 PM,Balayage,2025-02-25,7,showed
A5847,C1152,2025-03-04,Tuesday,6:00 PM,Blowout,2025-02-25,7,showed
A5848,C1116,2025-03-04,Tuesday,1:30 PM,Blowout,2025-02-25,7,showed
A5849,C1083,2025-03-04,Tuesday,9:00 AM,Blowout,2025-03-01,3,showed
A5850,C1156,2025-03-05,Wednesday,4:30 PM,Balayage,2025-02-19,14,showed
A5851,C1054,2025-03-05,Wednesday,3:00 PM,Blowout,2025-02-26,7,showed
A5852,C1006,2025-03-05,Wednesday,9:00 AM,Balayage,2025-02-19,14,showed
A5853,C1152,2025-03-05,Wednesday,9:00 AM,Color,2025-03-02,3,showed
A5854,C1171,2025-03-05,Wednesday,4:30 PM,Highlights,2025-02-26,7,showed
A5855,C1140,2025-03-05,Wednesday,3:00 PM,Blowout,2025-03-04,1,no-show
A5856,C1100,2025-03-05,Wednesday,6:00 PM,Haircut,2025-02-19,14,showed
A5857,C1007,2025-03-06,Thursday,1:30 PM,Haircut,2025-02-27,7,showed
A5858,C1195,2025-03-06,Thursday,3:00 PM,Haircut,2025-02-20,14,showed
A5859,C1151,2025-03-06,Thursday,1:30 PM,Color,2025-03-05,1,showed
A5860,C1142,2025-03-06,Thursday,10:30 AM,Color,2025-02-27,7,showed
A5861,C1170,2025-03-06,Thursday,1:30 PM,Highlights,2025-02-13,21,showed
A5862,C1012,2025-03-06,Thursday,12:00 PM,Haircut,2025-03-04,2,showed
A5863,C1131,2025-03-06,Thursday,6:00 PM,Blowout,2025-02-27,7,showed
A5864,C1049,2025-03-06,Thursday,4:30 PM,Balayage,2025-03-03,3,no-show
A5865,C1125,2025-03-07,Friday,4:30 PM,Haircut,2025-03-04,3,showed
A5866,C1169,2025-03-07,Friday,10:30 AM,Haircut,2025-02-21,14,showed
A5867,C1011,2025-03-07,Friday,6:00 PM,Highlights,2025-02-28,7,showed
A5868,C1092,2025-03-07,Friday,9:00 AM,Blowout,2025-03-06,1,showed
A5869,C1190,2025-03-07,Friday,12:00 PM,Highlights,2025-03-05,2,showed
A5870,C1131,2025-03-07,Friday,9:00 AM,Haircut,2025-02-28,7,showed
A5871,C1124,2025-03-07,Friday,4:30 PM,Haircut,2025-02-14,21,showed
A5872,C1166,2025-03-07,Friday,6:00 PM,Haircut,2025-02-21,14,showed
A5873,C1114,2025-03-07,Friday,4:30 PM,Balayage,2025-03-06,1,showed
A5874,C1155,2025-03-07,Friday,9:00 AM,Blowout,2025-03-06,1,showed
A5875,C1116,2025-03-07,Friday,3:00 PM,Haircut,2025-02-28,7,showed
A5876,C1164,2025-03-08,Saturday,6:00 PM,Highlights,2025-02-06,30,showed
A5877,C1068,2025-03-08,Saturday,1:30 PM,Blowout,2025-03-05,3,late-cancel
A5878,C1195,2025-03-08,Saturday,6:00 PM,Balayage,2025-02-06,30,showed
A5879,C1077,2025-03-08,Saturday,9:00 AM,Balayage,2025-02-22,14,showed
A5880,C1082,2025-03-08,Saturday,6:00 PM,Balayage,2025-03-05,3,showed
A5881,C1031,2025-03-08,Saturday,1:30 PM,Highlights,2025-03-05,3,showed
A5882,C1154,2025-03-08,Saturday,4:30 PM,Color,2025-02-15,21,showed
A5883,C1131,2025-03-08,Saturday,3:00 PM,Color,2025-03-05,3,showed
A5884,C1023,2025-03-08,Saturday,12:00 PM,Highlights,2025-03-05,3,showed
A5885,C1059,2025-03-08,Saturday,12:00 PM,Haircut,2025-03-06,2,showed
A5886,C1096,2025-03-08,Saturday,12:00 PM,Highlights,2025-03-07,1,showed
A5887,C1100,2025-03-08,Saturday,1:30 PM,Color,2025-03-07,1,showed
A5888,C1121,2025-03-08,Saturday,1:30 PM,Color,2025-03-01,7,showed
A5889,C1162,2025-03-10,Monday,3:00 PM,Highlights,2025-03-03,7,showed
A5890,C1125,2025-03-10,Monday,3:00 PM,Haircut,2025-03-08,2,showed
A5891,C1087,2025-03-10,Monday,10:30 AM,Color,2025-03-09,1,no-show
A5892,C1171,2025-03-10,Monday,3:00 PM,Blowout,2025-03-09,1,no-show
A5893,C1074,2025-03-11,Tuesday,9:00 AM,Color,2025-02-25,14,showed
A5894,C1071,2025-03-11,Tuesday,1:30 PM,Haircut,2025-03-04,7,showed
A5895,C1144,2025-03-11,Tuesday,1:30 PM,Balayage,2025-03-09,2,showed
A5896,C1033,2025-03-11,Tuesday,4:30 PM,Color,2025-03-04,7,showed
A5897,C1164,2025-03-11,Tuesday,10:30 AM,Haircut,2025-02-09,30,showed
A5898,C1163,2025-03-12,Wednesday,4:30 PM,Haircut,2025-03-09,3,showed
A5899,C1099,2025-03-12,Wednesday,10:30 AM,Haircut,2025-03-05,7,showed
A5900,C1097,2025-03-12,Wednesday,9:00 AM,Blowout,2025-03-09,3,showed
A5901,C1106,2025-03-12,Wednesday,9:00 AM,Haircut,2025-03-09,3,showed
A5902,C1101,2025-03-12,Wednesday,12:00 PM,Color,2025-02-19,21,showed
A5903,C1035,2025-03-12,Wednesday,6:00 PM,Color,2025-02-26,14,showed
A5904,C1057,2025-03-12,Wednesday,3:00 PM,Blowout,2025-03-10,2,no-show
A5905,C1054,2025-03-13,Thursday,1:30 PM,Blowout,2025-03-06,7,no-show
A5906,C1108,2025-03-13,Thursday,3:00 PM,Haircut,2025-03-10,3,no-show
A5907,C1116,2025-03-13,Thursday,12:00 PM,Color,2025-03-06,7,showed
A5908,C1104,2025-03-13,Thursday,12:00 PM,Haircut,2025-03-12,1,showed
A5909,C1199,2025-03-13,Thursday,9:00 AM,Balayage,2025-02-27,14,no-show
A5910,C1102,2025-03-13,Thursday,1:30 PM,Highlights,2025-02-20,21,showed
A5911,C1014,2025-03-13,Thursday,1:30 PM,Color,2025-03-12,1,showed
A5912,C1056,2025-03-13,Thursday,3:00 PM,Highlights,2025-03-12,1,showed
A5913,C1157,2025-03-14,Friday,12:00 PM,Blowout,2025-03-07,7,showed
A5914,C1125,2025-03-14,Friday,1:30 PM,Highlights,2025-03-07,7,showed
A5915,C1012,2025-03-14,Friday,6:00 PM,Blowout,2025-03-13,1,showed
A5916,C1191,2025-03-14,Friday,12:00 PM,Haircut,2025-02-28,14,showed
A5917,C1070,2025-03-14,Friday,4:30 PM,Highlights,2025-02-28,14,showed
A5918,C1037,2025-03-14,Friday,3:00 PM,Color,2025-03-12,2,showed
A5919,C1194,2025-03-14,Friday,10:30 AM,Haircut,2025-03-12,2,showed
A5920,C1097,2025-03-14,Friday,4:30 PM,Haircut,2025-03-07,7,showed
A5921,C1149,2025-03-14,Friday,10:30 AM,Highlights,2025-02-28,14,showed
A5922,C1151,2025-03-14,Friday,3:00 PM,Balayage,2025-03-11,3,showed
A5923,C1017,2025-03-14,Friday,4:30 PM,Haircut,2025-03-13,1,showed
A5924,C1074,2025-03-15,Saturday,1:30 PM,Balayage,2025-03-13,2,showed
A5925,C1014,2025-03-15,Saturday,6:00 PM,Highlights,2025-03-08,7,showed
A5926,C1186,2025-03-15,Saturday,1:30 PM,Color,2025-03-08,7,no-show
A5927,C1053,2025-03-15,Saturday,12:00 PM,Haircut,2025-03-08,7,showed
A5928,C1111,2025-03-15,Saturday,1:30 PM,Color,2025-03-12,3,showed
A5929,C1004,2025-03-15,Saturday,3:00 PM,Haircut,2025-03-12,3,showed
A5930,C1158,2025-03-15,Saturday,4:30 PM,Blowout,2025-03-08,7,showed
A5931,C1085,2025-03-15,Saturday,6:00 PM,Haircut,2025-03-01,14,showed
A5932,C1001,2025-03-15,Saturday,1:30 PM,Blowout,2025-03-14,1,showed
A5933,C1185,2025-03-15,Saturday,12:00 PM,Color,2025-03-14,1,showed
A5934,C1104,2025-03-15,Saturday,10:30 AM,Color,2025-03-14,1,no-show
A5935,C1129,2025-03-15,Saturday,12:00 PM,Highlights,2025-03-12,3,late-cancel
A5936,C1084,2025-03-15,Saturday,10:30 AM,Color,2025-02-22,21,showed
A5937,C1075,2025-03-17,Monday,9:00 AM,Balayage,2025-03-03,14,late-cancel
A5938,C1081,2025-03-17,Monday,12:00 PM,Blowout,2025-03-16,1,late-cancel
A5939,C1103,2025-03-17,Monday,10:30 AM,Color,2025-03-14,3,showed
A5940,C1033,2025-03-17,Monday,10:30 AM,Highlights,2025-03-16,1,no-show
A5941,C1082,2025-03-18,Tuesday,3:00 PM,Color,2025-03-16,2,showed
A5942,C1096,2025-03-18,Tuesday,4:30 PM,Haircut,2025-03-15,3,showed
A5943,C1158,2025-03-18,Tuesday,6:00 PM,Haircut,2025-03-04,14,showed
A5944,C1137,2025-03-18,Tuesday,10:30 AM,Blowout,2025-03-15,3,no-show
A5945,C1059,2025-03-18,Tuesday,12:00 PM,Color,2025-03-11,7,showed
A5946,C1030,2025-03-19,Wednesday,10:30 AM,Color,2025-03-05,14,showed
A5947,C1106,2025-03-19,Wednesday,12:00 PM,Color,2025-03-12,7,showed
A5948,C1103,2025-03-19,Wednesday,6:00 PM,Highlights,2025-03-17,2,showed
A5949,C1002,2025-03-19,Wednesday,3:00 PM,Blowout,2025-03-17,2,showed
A5950,C1045,2025-03-19,Wednesday,4:30 PM,Blowout,2025-03-12,7,showed
A5951,C1193,2025-03-19,Wednesday,4:30 PM,Balayage,2025-03-16,3,showed
A5952,C1063,2025-03-19,Wednesday,3:00 PM,Blowout,2025-03-17,2,showed
A5953,C1160,2025-03-20,Thursday,10:30 AM,Highlights,2025-03-17,3,showed
A5954,C1086,2025-03-20,Thursday,1:30 PM,Balayage,2025-03-13,7,showed
A5955,C1017,2025-03-20,Thursday,6:00 PM,Balayage,2025-03-18,2,showed
A5956,C1064,2025-03-20,Thursday,3:00 PM,Haircut,2025-03-06,14,showed
A5957,C1077,2025-03-20,Thursday,1:30 PM,Highlights,2025-03-19,1,showed
A5958,C1149,2025-03-20,Thursday,10:30 AM,Highlights,2025-03-13,7,showed
A5959,C1070,2025-03-20,Thursday,1:30 PM,Balayage,2025-02-27,21,showed
A5960,C1087,2025-03-20,Thursday,3:00 PM,Balayage,2025-03-18,2,no-show
A5961,C1163,2025-03-21,Friday,3:00 PM,Blowout,2025-03-07,14,showed
A5962,C1040,2025-03-21,Friday,4:30 PM,Balayage,2025-03-19,2,showed
A5963,C1077,2025-03-21,Friday,1:30 PM,Haircut,2025-03-20,1,showed
A5964,C1166,2025-03-21,Friday,1:30 PM,Color,2025-03-14,7,showed
A5965,C1058,2025-03-21,Friday,10:30 AM,Highlights,2025-03-18,3,showed
A5966,C1192,2025-03-21,Friday,4:30 PM,Blowout,2025-03-18,3,no-show
A5967,C1026,2025-03-21,Friday,3:00 PM,Color,2025-03-18,3,showed
A5968,C1164,2025-03-21,Friday,3:00 PM,Blowout,2025-03-19,2,showed
A5969,C1025,2025-03-21,Friday,10:30 AM,Blowout,2025-03-18,3,showed
A5970,C1132,2025-03-21,Friday,4:30 PM,Balayage,2025-03-14,7,showed
A5971,C1128,2025-03-21,Friday,1:30 PM,Color,2025-03-07,14,showed
A5972,C1043,2025-03-22,Saturday,6:00 PM,Haircut,2025-03-08,14,showed
A5973,C1158,2025-03-22,Saturday,1:30 PM,Blowout,2025-03-19,3,late-cancel
A5974,C1036,2025-03-22,Saturday,12:00 PM,Blowout,2025-03-19,3,showed
A5975,C1032,2025-03-22,Saturday,1:30 PM,Color,2025-02-20,30,showed
A5976,C1198,2025-03-22,Saturday,10:30 AM,Highlights,2025-03-19,3,showed
A5977,C1192,2025-03-22,Saturday,6:00 PM,Color,2025-03-15,7,showed
A5978,C1089,2025-03-22,Saturday,10:30 AM,Color,2025-03-08,14,showed
A5979,C1192,2025-03-22,Saturday,6:00 PM,Blowout,2025-03-01,21,showed
A5980,C1056,2025-03-22,Saturday,3:00 PM,Highlights,2025-03-19,3,showed
A5981,C1171,2025-03-22,Saturday,4:30 PM,Balayage,2025-03-21,1,showed
A5982,C1075,2025-03-22,Saturday,9:00 AM,Blowout,2025-03-15,7,showed
A5983,C1007,2025-03-22,Saturday,3:00 PM,Color,2025-03-19,3,showed
A5984,C1029,2025-03-22,Saturday,1:30 PM,Haircut,2025-03-21,1,showed
A5985,C1147,2025-03-24,Monday,1:30 PM,Color,2025-03-23,1,no-show
A5986,C1070,2025-03-24,Monday,9:00 AM,Haircut,2025-03-17,7,showed
A5987,C1070,2025-03-24,Monday,4:30 PM,Balayage,2025-03-22,2,showed
A5988,C1053,2025-03-24,Monday,12:00 PM,Blowout,2025-03-03,21,showed
A5989,C1145,2025-03-25,Tuesday,4:30 PM,Highlights,2025-03-18,7,showed
A5990,C1019,2025-03-25,Tuesday,1:30 PM,Blowout,2025-03-11,14,showed
A5991,C1065,2025-03-25,Tuesday,9:00 AM,Haircut,2025-03-04,21,showed
A5992,C1149,2025-03-25,Tuesday,3:00 PM,Haircut,2025-03-18,7,showed
A5993,C1080,2025-03-25,Tuesday,10:30 AM,Haircut,2025-03-18,7,no-show
A5994,C1144,2025-03-26,Wednesday,1:30 PM,Balayage,2025-03-12,14,showed
A5995,C1140,2025-03-26,Wednesday,4:30 PM,Haircut,2025-02-24,30,showed
A5996,C1064,2025-03-26,Wednesday,9:00 AM,Color,2025-03-24,2,showed
A5997,C1085,2025-03-26,Wednesday,12:00 PM,Color,2025-03-23,3,showed
A5998,C1051,2025-03-26,Wednesday,9:00 AM,Balayage,2025-03-25,1,showed
A5999,C1125,2025-03-26,Wednesday,3:00 PM,Haircut,2025-03-12,14,showed
A6000,C1016,2025-03-26,Wednesday,6:00 PM,Balayage,2025-03-25,1,showed
A6001,C1023,2025-03-27,Thursday,9:00 AM,Color,2025-03-13,14,showed
A6002,C1026,2025-03-27,Thursday,12:00 PM,Haircut,2025-03-20,7,showed
A6003,C1119,2025-03-27,Thursday,9:00 AM,Color,2025-03-20,7,showed
A6004,C1168,2025-03-27,Thursday,9:00 AM,Haircut,2025-03-26,1,showed
A6005,C1162,2025-03-27,Thursday,10:30 AM,Balayage,2025-03-25,2,showed
A6006,C1156,2025-03-27,Thursday,1:30 PM,Balayage,2025-03-25,2,showed
A6007,C1098,2025-03-27,Thursday,1:30 PM,Color,2025-03-25,2,showed
A6008,C1021,2025-03-27,Thursday,4:30 PM,Balayage,2025-03-26,1,showed
A6009,C1169,2025-03-28,Friday,9:00 AM,Blowout,2025-02-26,30,showed
A6010,C1165,2025-03-28,Friday,12:00 PM,Highlights,2025-03-26,2,showed
A6011,C1061,2025-03-28,Friday,12:00 PM,Color,2025-03-27,1,no-show
A6012,C1106,2025-03-28,Friday,1:30 PM,Color,2025-03-21,7,showed
A6013,C1065,2025-03-28,Friday,12:00 PM,Color,2025-03-14,14,showed
A6014,C1168,2025-03-28,Friday,12:00 PM,Haircut,2025-03-25,3,no-show
A6015,C1163,2025-03-28,Friday,1:30 PM,Haircut,2025-03-25,3,showed
A6016,C1139,2025-03-28,Friday,3:00 PM,Highlights,2025-03-21,7,showed
A6017,C1092,2025-03-28,Friday,3:00 PM,Highlights,2025-03-25,3,showed
A6018,C1154,2025-03-28,Friday,9:00 AM,Haircut,2025-03-26,2,showed
A6019,C1161,2025-03-28,Friday,12:00 PM,Balayage,2025-03-21,7,showed
A6020,C1103,2025-03-29,Saturday,12:00 PM,Blowout,2025-03-27,2,showed
A6021,C1048,2025-03-29,Saturday,4:30 PM,Haircut,2025-03-26,3,showed
A6022,C1035,2025-03-29,Saturday,12:00 PM,Balayage,2025-03-15,14,showed
A6023,C1003,2025-03-29,Saturday,4:30 PM,Haircut,2025-03-26,3,showed
A6024,C1168,2025-03-29,Saturday,9:00 AM,Color,2025-03-08,21,no-show
A6025,C1097,2025-03-29,Saturday,1:30 PM,Color,2025-03-22,7,showed
A6026,C1132,2025-03-29,Saturday,6:00 PM,Haircut,2025-03-26,3,late-cancel
A6027,C1164,2025-03-29,Saturday,1:30 PM,Balayage,2025-02-27,30,showed
A6028,C1070,2025-03-29,Saturday,6:00 PM,Haircut,2025-02-27,30,showed
A6029,C1002,2025-03-29,Saturday,10:30 AM,Color,2025-03-26,3,showed
A6030,C1090,2025-03-29,Saturday,4:30 PM,Color,2025-03-15,14,showed
A6031,C1038,2025-03-29,Saturday,3:00 PM,Color,2025-03-27,2,showed
A6032,C1121,2025-03-29,Saturday,10:30 AM,Blowout,2025-03-26,3,showed
A6033,C1152,2025-03-31,Monday,9:00 AM,Haircut,2025-03-24,7,late-cancel
A6034,C1193,2025-03-31,Monday,1:30 PM,Blowout,2025-03-24,7,showed
A6035,C1027,2025-03-31,Monday,10:30 AM,Highlights,2025-03-24,7,showed
A6036,C1199,2025-03-31,Monday,12:00 PM,Balayage,2025-03-28,3,showed
A6037,C1165,2025-04-01,Tuesday,10:30 AM,Haircut,2025-03-25,7,showed
A6038,C1031,2025-04-01,Tuesday,4:30 PM,Highlights,2025-03-25,7,showed
A6039,C1011,2025-04-01,Tuesday,1:30 PM,Blowout,2025-03-25,7,showed
A6040,C1139,2025-04-01,Tuesday,9:00 AM,Haircut,2025-03-31,1,showed
A6041,C1074,2025-04-01,Tuesday,4:30 PM,Highlights,2025-03-11,21,showed
A6042,C1086,2025-04-02,Wednesday,10:30 AM,Blowout,2025-03-19,14,showed
A6043,C1168,2025-04-02,Wednesday,1:30 PM,Blowout,2025-03-31,2,showed
A6044,C1188,2025-04-02,Wednesday,10:30 AM,Blowout,2025-03-19,14,no-show
A6045,C1022,2025-04-02,Wednesday,4:30 PM,Blowout,2025-03-26,7,showed
A6046,C1099,2025-04-02,Wednesday,12:00 PM,Balayage,2025-03-31,2,showed
A6047,C1182,2025-04-02,Wednesday,4:30 PM,Color,2025-03-12,21,showed
A6048,C1030,2025-04-02,Wednesday,9:00 AM,Color,2025-03-26,7,showed
A6049,C1184,2025-04-03,Thursday,10:30 AM,Balayage,2025-03-31,3,late-cancel
A6050,C1085,2025-04-03,Thursday,12:00 PM,Balayage,2025-03-27,7,showed
A6051,C1079,2025-04-03,Thursday,9:00 AM,Blowout,2025-03-27,7,showed
A6052,C1189,2025-04-03,Thursday,1:30 PM,Blowout,2025-04-02,1,showed
A6053,C1013,2025-04-03,Thursday,12:00 PM,Color,2025-03-27,7,showed
A6054,C1110,2025-04-03,Thursday,9:00 AM,Haircut,2025-04-02,1,showed
A6055,C1062,2025-04-03,Thursday,6:00 PM,Highlights,2025-04-01,2,showed
A6056,C1022,2025-04-03,Thursday,10:30 AM,Balayage,2025-03-31,3,showed
A6057,C1108,2025-04-04,Friday,9:00 AM,Highlights,2025-03-28,7,showed
A6058,C1036,2025-04-04,Friday,4:30 PM,Haircut,2025-04-01,3,showed
A6059,C1186,2025-04-04,Friday,3:00 PM,Color,2025-04-01,3,showed
A6060,C1076,2025-04-04,Friday,1:30 PM,Balayage,2025-04-02,2,showed
A6061,C1003,2025-04-04,Friday,4:30 PM,Color,2025-03-28,7,showed
A6062,C1065,2025-04-04,Friday,12:00 PM,Blowout,2025-04-02,2,no-show
A6063,C1009,2025-04-04,Friday,1:30 PM,Color,2025-04-02,2,showed
A6064,C1088,2025-04-04,Friday,6:00 PM,Balayage,2025-04-02,2,showed
A6065,C1087,2025-04-04,Friday,12:00 PM,Blowout,2025-04-01,3,showed
A6066,C1128,2025-04-04,Friday,1:30 PM,Haircut,2025-03-28,7,showed
A6067,C1116,2025-04-04,Friday,6:00 PM,Color,2025-04-03,1,showed
A6068,C1087,2025-04-05,Saturday,12:00 PM,Highlights,2025-03-29,7,no-show
A6069,C1057,2025-04-05,Saturday,12:00 PM,Blowout,2025-03-22,14,showed
A6070,C1100,2025-04-05,Saturday,12:00 PM,Haircut,2025-04-03,2,showed
A6071,C1112,2025-04-05,Saturday,4:30 PM,Blowout,2025-04-02,3,showed
A6072,C1026,2025-04-05,Saturday,10:30 AM,Blowout,2025-04-02,3,showed
A6073,C1078,2025-04-05,Saturday,1:30 PM,Blowout,2025-04-04,1,showed
A6074,C1031,2025-04-05,Saturday,10:30 AM,Blowout,2025-04-02,3,showed
A6075,C1155,2025-04-05,Saturday,6:00 PM,Haircut,2025-04-03,2,showed
A6076,C1091,2025-04-05,Saturday,10:30 AM,Haircut,2025-03-22,14,showed
A6077,C1129,2025-04-05,Saturday,3:00 PM,Highlights,2025-04-04,1,no-show
A6078,C1039,2025-04-05,Saturday,9:00 AM,Blowout,2025-04-04,1,no-show
A6079,C1148,2025-04-05,Saturday,10:30 AM,Color,2025-04-03,2,showed
A6080,C1155,2025-04-05,Saturday,3:00 PM,Haircut,2025-04-02,3,no-show
A6081,C1166,2025-04-07,Monday,4:30 PM,Blowout,2025-04-06,1,showed
A6082,C1097,2025-04-07,Monday,6:00 PM,Highlights,2025-04-06,1,showed
A6083,C1072,2025-04-07,Monday,9:00 AM,Blowout,2025-03-31,7,showed
A6084,C1154,2025-04-07,Monday,4:30 PM,Balayage,2025-04-04,3,showed
A6085,C1037,2025-04-08,Tuesday,12:00 PM,Highlights,2025-04-06,2,showed
A6086,C1035,2025-04-08,Tuesday,9:00 AM,Balayage,2025-04-01,7,showed
A6087,C1137,2025-04-08,Tuesday,12:00 PM,Highlights,2025-03-25,14,no-show
A6088,C1113,2025-04-08,Tuesday,6:00 PM,Color,2025-04-01,7,showed
A6089,C1031,2025-04-08,Tuesday,6:00 PM,Highlights,2025-04-01,7,showed
A6090,C1027,2025-04-09,Wednesday,4:30 PM,Balayage,2025-03-19,21,showed
A6091,C1108,2025-04-09,Wednesday,12:00 PM,Haircut,2025-04-02,7,no-show
A6092,C1169,2025-04-09,Wednesday,6:00 PM,Balayage,2025-04-06,3,late-cancel
A6093,C1148,2025-04-09,Wednesday,9:00 AM,Highlights,2025-04-07,2,showed
A6094,C1170,2025-04-09,Wednesday,4:30 PM,Blowout,2025-04-08,1,no-show
A6095,C1034,2025-04-09,Wednesday,4:30 PM,Haircut,2025-04-07,2,showed
A6096,C1175,2025-04-09,Wednesday,9:00 AM,Balayage,2025-03-19,21,showed
A6097,C1110,2025-04-10,Thursday,10:30 AM,Color,2025-04-08,2,showed
A6098,C1032,2025-04-10,Thursday,3:00 PM,Color,2025-04-03,7,showed
A6099,C1163,2025-04-10,Thursday,12:00 PM,Blowout,2025-04-03,7,showed
A6100,C1128,2025-04-10,Thursday,12:00 PM,Color,2025-04-09,1,showed
A6101,C1011,2025-04-10,Thursday,4:30 PM,Color,2025-04-09,1,showed
A6102,C1063,2025-04-10,Thursday,3:00 PM,Blowout,2025-04-03,7,showed
A6103,C1063,2025-04-10,Thursday,9:00 AM,Color,2025-04-03,7,showed
A6104,C1154,2025-04-10,Thursday,3:00 PM,Balayage,2025-04-03,7,showed
A6105,C1123,2025-04-11,Friday,3:00 PM,Highlights,2025-03-28,14,showed
A6106,C1052,2025-04-11,Friday,1:30 PM,Balayage,2025-03-28,14,no-show
A6107,C1019,2025-04-11,Friday,12:00 PM,Color,2025-03-28,14,showed
A6108,C1025,2025-04-11,Friday,12:00 PM,Haircut,2025-04-10,1,showed
A6109,C1042,2025-04-11,Friday,1:30 PM,Highlights,2025-04-04,7,showed
A6110,C1057,2025-04-11,Friday,12:00 PM,Haircut,2025-03-28,14,showed
A6111,C1072,2025-04-11,Friday,12:00 PM,Color,2025-04-08,3,showed
A6112,C1126,2025-04-11,Friday,12:00 PM,Balayage,2025-03-21,21,showed
A6113,C1158,2025-04-11,Friday,1:30 PM,Highlights,2025-04-08,3,showed
A6114,C1151,2025-04-11,Friday,10:30 AM,Highlights,2025-04-08,3,showed
A6115,C1182,2025-04-11,Friday,9:00 AM,Haircut,2025-04-08,3,showed
A6116,C1081,2025-04-12,Saturday,1:30 PM,Blowout,2025-04-11,1,showed
A6117,C1084,2025-04-12,Saturday,12:00 PM,Haircut,2025-04-09,3,showed
A6118,C1108,2025-04-12,Saturday,6:00 PM,Balayage,2025-03-29,14,showed
A6119,C1046,2025-04-12,Saturday,10:30 AM,Highlights,2025-04-05,7,showed
A6120,C1150,2025-04-12,Saturday,12:00 PM,Highlights,2025-03-29,14,showed
A6121,C1148,2025-04-12,Saturday,1:30 PM,Highlights,2025-04-11,1,showed
A6122,C1051,2025-04-12,Saturday,1:30 PM,Balayage,2025-04-10,2,showed
A6123,C1180,2025-04-12,Saturday,4:30 PM,Haircut,2025-04-05,7,showed
A6124,C1127,2025-04-12,Saturday,1:30 PM,Color,2025-04-05,7,showed
A6125,C1075,2025-04-12,Saturday,9:00 AM,Balayage,2025-04-05,7,no-show
A6126,C1059,2025-04-12,Saturday,3:00 PM,Color,2025-04-05,7,showed
A6127,C1175,2025-04-12,Saturday,10:30 AM,Color,2025-03-29,14,showed
A6128,C1040,2025-04-12,Saturday,3:00 PM,Highlights,2025-04-05,7,showed
A6129,C1102,2025-04-14,Monday,6:00 PM,Balayage,2025-04-11,3,no-show
A6130,C1051,2025-04-14,Monday,10:30 AM,Color,2025-04-11,3,showed
A6131,C1134,2025-04-14,Monday,9:00 AM,Haircut,2025-04-11,3,showed
A6132,C1039,2025-04-14,Monday,6:00 PM,Haircut,2025-04-13,1,showed
A6133,C1133,2025-04-15,Tuesday,12:00 PM,Color,2025-04-13,2,showed
A6134,C1140,2025-04-15,Tuesday,6:00 PM,Color,2025-04-13,2,showed
A6135,C1148,2025-04-15,Tuesday,6:00 PM,Blowout,2025-04-12,3,no-show
A6136,C1177,2025-04-15,Tuesday,1:30 PM,Balayage,2025-04-08,7,showed
A6137,C1179,2025-04-15,Tuesday,9:00 AM,Highlights,2025-04-13,2,showed
A6138,C1074,2025-04-16,Wednesday,3:00 PM,Color,2025-04-02,14,no-show
A6139,C1095,2025-04-16,Wednesday,12:00 PM,Blowout,2025-03-26,21,showed
A6140,C1049,2025-04-16,Wednesday,3:00 PM,Highlights,2025-04-15,1,showed
A6141,C1145,2025-04-16,Wednesday,12:00 PM,Haircut,2025-03-26,21,showed
A6142,C1001,2025-04-16,Wednesday,12:00 PM,Highlights,2025-04-15,1,showed
A6143,C1136,2025-04-16,Wednesday,4:30 PM,Haircut,2025-04-09,7,showed
A6144,C1135,2025-04-16,Wednesday,3:00 PM,Haircut,2025-04-09,7,showed
A6145,C1016,2025-04-17,Thursday,12:00 PM,Color,2025-04-15,2,showed
A6146,C1131,2025-04-17,Thursday,4:30 PM,Color,2025-04-14,3,showed
A6147,C1163,2025-04-17,Thursday,12:00 PM,Blowout,2025-04-10,7,showed
A6148,C1118,2025-04-17,Thursday,3:00 PM,Haircut,2025-04-14,3,showed
A6149,C1004,2025-04-17,Thursday,1:30 PM,Blowout,2025-04-16,1,showed
A6150,C1115,2025-04-17,Thursday,6:00 PM,Balayage,2025-04-16,1,late-cancel
A6151,C1156,2025-04-17,Thursday,1:30 PM,Haircut,2025-04-16,1,showed
A6152,C1178,2025-04-17,Thursday,4:30 PM,Color,2025-04-10,7,showed
A6153,C1024,2025-04-18,Friday,3:00 PM,Balayage,2025-04-17,1,no-show
A6154,C1133,2025-04-18,Friday,9:00 AM,Haircut,2025-03-19,30,showed
A6155,C1099,2025-04-18,Friday,3:00 PM,Blowout,2025-04-15,3,showed
A6156,C1106,2025-04-18,Friday,6:00 PM,Haircut,2025-04-17,1,showed
A6157,C1086,2025-04-18,Friday,3:00 PM,Color,2025-03-28,21,showed
A6158,C1165,2025-04-18,Friday,3:00 PM,Highlights,2025-04-11,7,showed
A6159,C1039,2025-04-18,Friday,10:30 AM,Highlights,2025-04-11,7,showed
A6160,C1149,2025-04-18,Friday,6:00 PM,Blowout,2025-04-11,7,showed
A6161,C1103,2025-04-18,Friday,9:00 AM,Balayage,2025-04-11,7,showed
A6162,C1086,2025-04-18,Friday,9:00 AM,Highlights,2025-04-11,7,showed
A6163,C1109,2025-04-18,Friday,1:30 PM,Blowout,2025-04-15,3,late-cancel
A6164,C1199,2025-04-19,Saturday,10:30 AM,Blowout,2025-04-17,2,no-show
A6165,C1041,2025-04-19,Saturday,1:30 PM,Color,2025-03-29,21,showed
A6166,C1152,2025-04-19,Saturday,4:30 PM,Color,2025-04-12,7,showed
A6167,C1095,2025-04-19,Saturday,4:30 PM,Haircut,2025-04-05,14,showed
A6168,C1133,2025-04-19,Saturday,12:00 PM,Balayage,2025-04-16,3,showed
A6169,C1140,2025-04-19,Saturday,10:30 AM,Haircut,2025-04-16,3,showed
A6170,C1121,2025-04-19,Saturday,4:30 PM,Haircut,2025-04-18,1,showed
A6171,C1058,2025-04-19,Saturday,4:30 PM,Color,2025-04-12,7,showed
A6172,C1121,2025-04-19,Saturday,4:30 PM,Haircut,2025-04-16,3,showed
A6173,C1075,2025-04-19,Saturday,10:30 AM,Balayage,2025-04-18,1,showed
A6174,C1051,2025-04-19,Saturday,3:00 PM,Haircut,2025-04-18,1,no-show
A6175,C1022,2025-04-19,Saturday,9:00 AM,Color,2025-04-18,1,showed
A6176,C1050,2025-04-19,Saturday,12:00 PM,Balayage,2025-04-17,2,showed
A6177,C1014,2025-04-21,Monday,4:30 PM,Balayage,2025-04-18,3,showed
A6178,C1115,2025-04-21,Monday,9:00 AM,Blowout,2025-03-22,30,showed
A6179,C1110,2025-04-21,Monday,4:30 PM,Blowout,2025-03-31,21,showed
A6180,C1097,2025-04-21,Monday,3:00 PM,Balayage,2025-04-18,3,showed
A6181,C1198,2025-04-22,Tuesday,12:00 PM,Haircut,2025-04-19,3,showed
A6182,C1097,2025-04-22,Tuesday,10:30 AM,Color,2025-04-15,7,showed
A6183,C1005,2025-04-22,Tuesday,12:00 PM,Color,2025-04-15,7,showed
A6184,C1073,2025-04-22,Tuesday,4:30 PM,Balayage,2025-04-01,21,showed
A6185,C1200,2025-04-22,Tuesday,10:30 AM,Color,2025-04-19,3,showed
A6186,C1020,2025-04-23,Wednesday,10:30 AM,Blowout,2025-04-09,14,showed
A6187,C1093,2025-04-23,Wednesday,1:30 PM,Color,2025-04-16,7,showed
A6188,C1086,2025-04-23,Wednesday,4:30 PM,Blowout,2025-04-20,3,showed
A6189,C1085,2025-04-23,Wednesday,4:30 PM,Haircut,2025-04-22,1,no-show
A6190,C1102,2025-04-23,Wednesday,10:30 AM,Balayage,2025-04-16,7,no-show
A6191,C1130,2025-04-23,Wednesday,1:30 PM,Highlights,2025-04-22,1,showed
A6192,C1172,2025-04-23,Wednesday,1:30 PM,Highlights,2025-04-21,2,showed
A6193,C1053,2025-04-24,Thursday,12:00 PM,Blowout,2025-04-22,2,showed
A6194,C1126,2025-04-24,Thursday,3:00 PM,Color,2025-04-10,14,showed
A6195,C1121,2025-04-24,Thursday,6:00 PM,Highlights,2025-04-17,7,showed
A6196,C1182,2025-04-24,Thursday,1:30 PM,Balayage,2025-04-17,7,showed
A6197,C1062,2025-04-24,Thursday,9:00 AM,Color,2025-04-10,14,showed
A6198,C1127,2025-04-24,Thursday,6:00 PM,Balayage,2025-04-17,7,showed
A6199,C1133,2025-04-24,Thursday,1:30 PM,Blowout,2025-04-23,1,showed
A6200,C1152,2025-04-24,Thursday,4:30 PM,Balayage,2025-04-03,21,showed
A6201,C1011,2025-04-25,Friday,4:30 PM,Color,2025-04-11,14,no-show
A6202,C1101,2025-04-25,Friday,9:00 AM,Highlights,2025-04-18,7,showed
A6203,C1005,2025-04-25,Friday,3:00 PM,Haircut,2025-04-22,3,showed
A6204,C1054,2025-04-25,Friday,1:30 PM,Haircut,2025-04-11,14,no-show
A6205,C1167,2025-04-25,Friday,9:00 AM,Color,2025-04-23,2,showed
A6206,C1108,2025-04-25,Friday,10:30 AM,Balayage,2025-04-11,14,showed
A6207,C1052,2025-04-25,Friday,9:00 AM,Haircut,2025-04-11,14,no-show
A6208,C1010,2025-04-25,Friday,3:00 PM,Blowout,2025-04-18,7,showed
A6209,C1114,2025-04-25,Friday,4:30 PM,Haircut,2025-04-18,7,showed
A6210,C1137,2025-04-25,Friday,10:30 AM,Blowout,2025-04-04,21,showed
A6211,C1086,2025-04-25,Friday,12:00 PM,Haircut,2025-04-18,7,showed
A6212,C1154,2025-04-26,Saturday,3:00 PM,Haircut,2025-04-12,14,showed
A6213,C1068,2025-04-26,Saturday,4:30 PM,Balayage,2025-04-19,7,showed
A6214,C1198,2025-04-26,Saturday,10:30 AM,Blowout,2025-04-23,3,late-cancel
A6215,C1022,2025-04-26,Saturday,10:30 AM,Balayage,2025-04-25,1,showed
A6216,C1195,2025-04-26,Saturday,6:00 PM,Balayage,2025-04-19,7,showed
A6217,C1197,2025-04-26,Saturday,9:00 AM,Highlights,2025-04-23,3,showed
A6218,C1023,2025-04-26,Saturday,12:00 PM,Blowout,2025-04-25,1,showed
A6219,C1190,2025-04-26,Saturday,6:00 PM,Blowout,2025-04-24,2,showed
A6220,C1155,2025-04-26,Saturday,3:00 PM,Highlights,2025-04-23,3,showed
A6221,C1150,2025-04-26,Saturday,4:30 PM,Highlights,2025-03-27,30,showed
A6222,C1060,2025-04-26,Saturday,1:30 PM,Highlights,2025-04-23,3,showed
A6223,C1027,2025-04-26,Saturday,1:30 PM,Balayage,2025-04-23,3,showed
A6224,C1131,2025-04-26,Saturday,1:30 PM,Color,2025-04-23,3,showed
A6225,C1056,2025-04-28,Monday,10:30 AM,Balayage,2025-04-25,3,showed
A6226,C1171,2025-04-28,Monday,9:00 AM,Balayage,2025-04-25,3,showed
A6227,C1042,2025-04-28,Monday,1:30 PM,Color,2025-04-25,3,showed
A6228,C1111,2025-04-28,Monday,3:00 PM,Blowout,2025-04-25,3,no-show
A6229,C1180,2025-04-29,Tuesday,1:30 PM,Balayage,2025-04-22,7,showed
A6230,C1084,2025-04-29,Tuesday,3:00 PM,Blowout,2025-04-27,2,showed
A6231,C1156,2025-04-29,Tuesday,12:00 PM,Blowout,2025-04-28,1,showed
A6232,C1145,2025-04-29,Tuesday,10:30 AM,Highlights,2025-04-22,7,showed
A6233,C1120,2025-04-29,Tuesday,12:00 PM,Blowout,2025-04-27,2,showed
